6735.000000,8584.601778,6952.655322
6734.000000,8584.601778,6953.155322
6733.000000,8584.601778,6953.655322
6732.000000,8584.601778,6954.155322
6731.000000,8584.601778,6954.655322
6730.000000,8584.601778,6955.155322
6729.000000,8584.601778,6955.655322
6728.000000,8584.601778,6956.155322
6727.000000,8584.601778,6956.655322
6726.000000,8584.601778,6957.155322
6725.000000,8584.601778,6957.655322
6687.000000,8584.101778,6952.655322
6686.000000,8584.101778,6953.155322
6685.000000,8584.101778,6953.655322
6684.000000,8584.101778,6954.155322
6683.000000,8584.101778,6954.655322
6682.000000,8584.101778,6955.155322
6681.000000,8584.101778,6955.655322
6680.000000,8584.101778,6956.155322
6679.000000,8584.101778,6956.655322
6678.000000,8584.101778,6957.155322
6677.000000,8584.101778,6957.655322
6639.000000,8583.601778,6952.655322
6638.000000,8583.601778,6953.155322
6637.000000,8583.601778,6953.655322
6636.000000,8583.601778,6954.155322
6635.000000,8583.601778,6954.655322
6634.000000,8583.601778,6955.155322
6633.000000,8583.601778,6955.655322
6632.000000,8583.601778,6956.155322
6631.000000,8583.601778,6956.655322
6630.000000,8583.601778,6957.155322
6629.000000,8583.601778,6957.655322
6591.000000,8583.101778,6952.655322
6590.000000,8583.101778,6953.155322
6589.000000,8583.101778,6953.655322
6588.000000,8583.101778,6954.155322
6587.000000,8583.101778,6954.655322
6586.000000,8583.101778,6955.155322
6585.000000,8583.101778,6955.655322
6584.000000,8583.101778,6956.155322
6583.000000,8583.101778,6956.655322
6582.000000,8583.101778,6957.155322
6581.000000,8583.101778,6957.655322
6580.000000,8583.101778,6958.155322
6579.000000,8583.101778,6958.655322
6578.000000,8583.101778,6959.155322
6543.000000,8582.601778,6952.655322
6542.000000,8582.601778,6953.155322
6541.000000,8582.601778,6953.655322
6540.000000,8582.601778,6954.155322
6539.000000,8582.601778,6954.655322
6538.000000,8582.601778,6955.155322
6537.000000,8582.601778,6955.655322
6536.000000,8582.601778,6956.155322
6535.000000,8582.601778,6956.655322
6534.000000,8582.601778,6957.155322
6533.000000,8582.601778,6957.655322
6532.000000,8582.601778,6958.155322
6531.000000,8582.601778,6958.655322
6530.000000,8582.601778,6959.155322
6495.000000,8582.101778,6952.655322
6494.000000,8582.101778,6953.155322
6493.000000,8582.101778,6953.655322
6492.000000,8582.101778,6954.155322
6491.000000,8582.101778,6954.655322
6490.000000,8582.101778,6955.155322
6489.000000,8582.101778,6955.655322
6488.000000,8582.101778,6956.155322
6487.000000,8582.101778,6956.655322
6486.000000,8582.101778,6957.155322
6485.000000,8582.101778,6957.655322
6484.000000,8582.101778,6958.155322
6483.000000,8582.101778,6958.655322
6482.000000,8582.101778,6959.155322
6447.000000,8581.601778,6952.655322
6446.000000,8581.601778,6953.155322
6445.000000,8581.601778,6953.655322
6444.000000,8581.601778,6954.155322
6443.000000,8581.601778,6954.655322
6442.000000,8581.601778,6955.155322
6441.000000,8581.601778,6955.655322
6440.000000,8581.601778,6956.155322
6439.000000,8581.601778,6956.655322
6438.000000,8581.601778,6957.155322
6437.000000,8581.601778,6957.655322
6436.000000,8581.601778,6958.155322
6435.000000,8581.601778,6958.655322
6434.000000,8581.601778,6959.155322
6417.000000,8581.101778,6943.655322
6416.000000,8581.101778,6944.155322
6415.000000,8581.101778,6944.655322
6414.000000,8581.101778,6945.155322
6413.000000,8581.101778,6945.655322
6412.000000,8581.101778,6946.155322
6411.000000,8581.101778,6946.655322
6410.000000,8581.101778,6947.155322
6409.000000,8581.101778,6947.655322
6408.000000,8581.101778,6948.155322
6407.000000,8581.101778,6948.655322
6406.000000,8581.101778,6949.155322
6405.000000,8581.101778,6949.655322
6399.000000,8581.101778,6952.655322
6398.000000,8581.101778,6953.155322
6397.000000,8581.101778,6953.655322
6396.000000,8581.101778,6954.155322
6395.000000,8581.101778,6954.655322
6394.000000,8581.101778,6955.155322
6393.000000,8581.101778,6955.655322
6392.000000,8581.101778,6956.155322
6391.000000,8581.101778,6956.655322
6390.000000,8581.101778,6957.155322
6389.000000,8581.101778,6957.655322
6388.000000,8581.101778,6958.155322
6387.000000,8581.101778,6958.655322
6386.000000,8581.101778,6959.155322
6369.000000,8580.601778,6943.655322
6368.000000,8580.601778,6944.155322
6367.000000,8580.601778,6944.655322
6366.000000,8580.601778,6945.155322
6365.000000,8580.601778,6945.655322
6364.000000,8580.601778,6946.155322
6363.000000,8580.601778,6946.655322
6362.000000,8580.601778,6947.155322
6361.000000,8580.601778,6947.655322
6360.000000,8580.601778,6948.155322
6359.000000,8580.601778,6948.655322
6358.000000,8580.601778,6949.155322
6357.000000,8580.601778,6949.655322
6351.000000,8580.601778,6952.655322
6350.000000,8580.601778,6953.155322
6349.000000,8580.601778,6953.655322
6348.000000,8580.601778,6954.155322
6347.000000,8580.601778,6954.655322
6346.000000,8580.601778,6955.155322
6345.000000,8580.601778,6955.655322
6344.000000,8580.601778,6956.155322
6343.000000,8580.601778,6956.655322
6342.000000,8580.601778,6957.155322
6341.000000,8580.601778,6957.655322
6340.000000,8580.601778,6958.155322
6339.000000,8580.601778,6958.655322
6338.000000,8580.601778,6959.155322
6321.000000,8580.101778,6943.655322
6320.000000,8580.101778,6944.155322
6319.000000,8580.101778,6944.655322
6318.000000,8580.101778,6945.155322
6317.000000,8580.101778,6945.655322
6316.000000,8580.101778,6946.155322
6315.000000,8580.101778,6946.655322
6314.000000,8580.101778,6947.155322
6313.000000,8580.101778,6947.655322
6312.000000,8580.101778,6948.155322
6311.000000,8580.101778,6948.655322
6310.000000,8580.101778,6949.155322
6309.000000,8580.101778,6949.655322
6303.000000,8580.101778,6952.655322
6302.000000,8580.101778,6953.155322
6301.000000,8580.101778,6953.655322
6300.000000,8580.101778,6954.155322
6299.000000,8580.101778,6954.655322
6298.000000,8580.101778,6955.155322
6297.000000,8580.101778,6955.655322
6296.000000,8580.101778,6956.155322
6295.000000,8580.101778,6956.655322
6294.000000,8580.101778,6957.155322
6293.000000,8580.101778,6957.655322
6292.000000,8580.101778,6958.155322
6291.000000,8580.101778,6958.655322
6290.000000,8580.101778,6959.155322
6273.000000,8579.601778,6943.655322
6272.000000,8579.601778,6944.155322
6271.000000,8579.601778,6944.655322
6270.000000,8579.601778,6945.155322
6269.000000,8579.601778,6945.655322
6268.000000,8579.601778,6946.155322
6267.000000,8579.601778,6946.655322
6266.000000,8579.601778,6947.155322
6265.000000,8579.601778,6947.655322
6264.000000,8579.601778,6948.155322
6263.000000,8579.601778,6948.655322
6262.000000,8579.601778,6949.155322
6261.000000,8579.601778,6949.655322
6255.000000,8579.601778,6952.655322
6254.000000,8579.601778,6953.155322
6253.000000,8579.601778,6953.655322
6252.000000,8579.601778,6954.155322
6251.000000,8579.601778,6954.655322
6250.000000,8579.601778,6955.155322
6249.000000,8579.601778,6955.655322
6248.000000,8579.601778,6956.155322
6247.000000,8579.601778,6956.655322
6246.000000,8579.601778,6957.155322
6245.000000,8579.601778,6957.655322
6244.000000,8579.601778,6958.155322
6243.000000,8579.601778,6958.655322
6242.000000,8579.601778,6959.155322
6225.000000,8579.101778,6943.655322
6224.000000,8579.101778,6944.155322
6223.000000,8579.101778,6944.655322
6215.000000,8579.101778,6948.655322
6214.000000,8579.101778,6949.155322
6213.000000,8579.101778,6949.655322
6207.000000,8579.101778,6952.655322
6206.000000,8579.101778,6953.155322
6205.000000,8579.101778,6953.655322
6204.000000,8579.101778,6954.155322
6203.000000,8579.101778,6954.655322
6202.000000,8579.101778,6955.155322
6201.000000,8579.101778,6955.655322
6200.000000,8579.101778,6956.155322
6199.000000,8579.101778,6956.655322
6198.000000,8579.101778,6957.155322
6197.000000,8579.101778,6957.655322
6196.000000,8579.101778,6958.155322
6195.000000,8579.101778,6958.655322
6194.000000,8579.101778,6959.155322
6177.000000,8578.601778,6943.655322
6176.000000,8578.601778,6944.155322
6175.000000,8578.601778,6944.655322
6167.000000,8578.601778,6948.655322
6166.000000,8578.601778,6949.155322
6165.000000,8578.601778,6949.655322
6159.000000,8578.601778,6952.655322
6158.000000,8578.601778,6953.155322
6157.000000,8578.601778,6953.655322
6156.000000,8578.601778,6954.155322
6155.000000,8578.601778,6954.655322
6154.000000,8578.601778,6955.155322
6153.000000,8578.601778,6955.655322
6152.000000,8578.601778,6956.155322
6151.000000,8578.601778,6956.655322
6150.000000,8578.601778,6957.155322
6149.000000,8578.601778,6957.655322
6148.000000,8578.601778,6958.155322
6147.000000,8578.601778,6958.655322
6146.000000,8578.601778,6959.155322
6129.000000,8578.101778,6943.655322
6128.000000,8578.101778,6944.155322
6127.000000,8578.101778,6944.655322
6119.000000,8578.101778,6948.655322
6118.000000,8578.101778,6949.155322
6117.000000,8578.101778,6949.655322
6111.000000,8578.101778,6952.655322
6110.000000,8578.101778,6953.155322
6109.000000,8578.101778,6953.655322
6108.000000,8578.101778,6954.155322
6107.000000,8578.101778,6954.655322
6106.000000,8578.101778,6955.155322
6105.000000,8578.101778,6955.655322
6104.000000,8578.101778,6956.155322
6103.000000,8578.101778,6956.655322
6102.000000,8578.101778,6957.155322
6101.000000,8578.101778,6957.655322
6100.000000,8578.101778,6958.155322
6099.000000,8578.101778,6958.655322
6098.000000,8578.101778,6959.155322
6081.000000,8577.601778,6943.655322
6080.000000,8577.601778,6944.155322
6079.000000,8577.601778,6944.655322
6071.000000,8577.601778,6948.655322
6070.000000,8577.601778,6949.155322
6069.000000,8577.601778,6949.655322
6063.000000,8577.601778,6952.655322
6062.000000,8577.601778,6953.155322
6061.000000,8577.601778,6953.655322
6060.000000,8577.601778,6954.155322
6059.000000,8577.601778,6954.655322
6058.000000,8577.601778,6955.155322
6057.000000,8577.601778,6955.655322
6056.000000,8577.601778,6956.155322
6055.000000,8577.601778,6956.655322
6054.000000,8577.601778,6957.155322
6053.000000,8577.601778,6957.655322
6052.000000,8577.601778,6958.155322
6051.000000,8577.601778,6958.655322
6050.000000,8577.601778,6959.155322
6033.000000,8577.101778,6943.655322
6032.000000,8577.101778,6944.155322
6031.000000,8577.101778,6944.655322
6023.000000,8577.101778,6948.655322
6022.000000,8577.101778,6949.155322
6021.000000,8577.101778,6949.655322
6015.000000,8577.101778,6952.655322
6014.000000,8577.101778,6953.155322
6013.000000,8577.101778,6953.655322
6012.000000,8577.101778,6954.155322
6011.000000,8577.101778,6954.655322
6010.000000,8577.101778,6955.155322
6009.000000,8577.101778,6955.655322
6008.000000,8577.101778,6956.155322
6007.000000,8577.101778,6956.655322
6006.000000,8577.101778,6957.155322
6005.000000,8577.101778,6957.655322
6004.000000,8577.101778,6958.155322
6003.000000,8577.101778,6958.655322
6002.000000,8577.101778,6959.155322
5985.000000,8576.601778,6943.655322
5984.000000,8576.601778,6944.155322
5983.000000,8576.601778,6944.655322
5975.000000,8576.601778,6948.655322
5974.000000,8576.601778,6949.155322
5973.000000,8576.601778,6949.655322
5967.000000,8576.601778,6952.655322
5966.000000,8576.601778,6953.155322
5965.000000,8576.601778,6953.655322
5964.000000,8576.601778,6954.155322
5963.000000,8576.601778,6954.655322
5962.000000,8576.601778,6955.155322
5961.000000,8576.601778,6955.655322
5960.000000,8576.601778,6956.155322
5959.000000,8576.601778,6956.655322
5958.000000,8576.601778,6957.155322
5957.000000,8576.601778,6957.655322
5956.000000,8576.601778,6958.155322
5955.000000,8576.601778,6958.655322
5954.000000,8576.601778,6959.155322
5937.000000,8576.101778,6943.655322
5936.000000,8576.101778,6944.155322
5935.000000,8576.101778,6944.655322
5934.000000,8576.101778,6945.155322
5933.000000,8576.101778,6945.655322
5932.000000,8576.101778,6946.155322
5931.000000,8576.101778,6946.655322
5930.000000,8576.101778,6947.155322
5929.000000,8576.101778,6947.655322
5928.000000,8576.101778,6948.155322
5927.000000,8576.101778,6948.655322
5926.000000,8576.101778,6949.155322
5925.000000,8576.101778,6949.655322
5919.000000,8576.101778,6952.655322
5918.000000,8576.101778,6953.155322
5917.000000,8576.101778,6953.655322
5916.000000,8576.101778,6954.155322
5915.000000,8576.101778,6954.655322
5914.000000,8576.101778,6955.155322
5913.000000,8576.101778,6955.655322
5912.000000,8576.101778,6956.155322
5911.000000,8576.101778,6956.655322
5910.000000,8576.101778,6957.155322
5909.000000,8576.101778,6957.655322
5908.000000,8576.101778,6958.155322
5907.000000,8576.101778,6958.655322
5906.000000,8576.101778,6959.155322
5889.000000,8575.601778,6943.655322
5888.000000,8575.601778,6944.155322
5887.000000,8575.601778,6944.655322
5886.000000,8575.601778,6945.155322
5885.000000,8575.601778,6945.655322
5884.000000,8575.601778,6946.155322
5883.000000,8575.601778,6946.655322
5882.000000,8575.601778,6947.155322
5881.000000,8575.601778,6947.655322
5880.000000,8575.601778,6948.155322
5879.000000,8575.601778,6948.655322
5878.000000,8575.601778,6949.155322
5877.000000,8575.601778,6949.655322
5871.000000,8575.601778,6952.655322
5870.000000,8575.601778,6953.155322
5869.000000,8575.601778,6953.655322
5868.000000,8575.601778,6954.155322
5867.000000,8575.601778,6954.655322
5866.000000,8575.601778,6955.155322
5865.000000,8575.601778,6955.655322
5864.000000,8575.601778,6956.155322
5863.000000,8575.601778,6956.655322
5862.000000,8575.601778,6957.155322
5861.000000,8575.601778,6957.655322
5860.000000,8575.601778,6958.155322
5859.000000,8575.601778,6958.655322
5858.000000,8575.601778,6959.155322
5841.000000,8575.101778,6943.655322
5840.000000,8575.101778,6944.155322
5839.000000,8575.101778,6944.655322
5838.000000,8575.101778,6945.155322
5837.000000,8575.101778,6945.655322
5836.000000,8575.101778,6946.155322
5835.000000,8575.101778,6946.655322
5834.000000,8575.101778,6947.155322
5833.000000,8575.101778,6947.655322
5832.000000,8575.101778,6948.155322
5831.000000,8575.101778,6948.655322
5830.000000,8575.101778,6949.155322
5829.000000,8575.101778,6949.655322
5823.000000,8575.101778,6952.655322
5822.000000,8575.101778,6953.155322
5821.000000,8575.101778,6953.655322
5820.000000,8575.101778,6954.155322
5819.000000,8575.101778,6954.655322
5818.000000,8575.101778,6955.155322
5817.000000,8575.101778,6955.655322
5816.000000,8575.101778,6956.155322
5815.000000,8575.101778,6956.655322
5814.000000,8575.101778,6957.155322
5813.000000,8575.101778,6957.655322
5812.000000,8575.101778,6958.155322
5811.000000,8575.101778,6958.655322
5810.000000,8575.101778,6959.155322
5793.000000,8574.601778,6943.655322
5792.000000,8574.601778,6944.155322
5791.000000,8574.601778,6944.655322
5790.000000,8574.601778,6945.155322
5789.000000,8574.601778,6945.655322
5788.000000,8574.601778,6946.155322
5787.000000,8574.601778,6946.655322
5786.000000,8574.601778,6947.155322
5785.000000,8574.601778,6947.655322
5784.000000,8574.601778,6948.155322
5783.000000,8574.601778,6948.655322
5782.000000,8574.601778,6949.155322
5781.000000,8574.601778,6949.655322
5775.000000,8574.601778,6952.655322
5774.000000,8574.601778,6953.155322
5773.000000,8574.601778,6953.655322
5772.000000,8574.601778,6954.155322
5771.000000,8574.601778,6954.655322
5770.000000,8574.601778,6955.155322
5769.000000,8574.601778,6955.655322
5768.000000,8574.601778,6956.155322
5767.000000,8574.601778,6956.655322
5766.000000,8574.601778,6957.155322
5765.000000,8574.601778,6957.655322
5764.000000,8574.601778,6958.155322
5763.000000,8574.601778,6958.655322
5762.000000,8574.601778,6959.155322
5745.000000,8574.101778,6943.655322
5744.000000,8574.101778,6944.155322
5743.000000,8574.101778,6944.655322
5742.000000,8574.101778,6945.155322
5741.000000,8574.101778,6945.655322
5740.000000,8574.101778,6946.155322
5739.000000,8574.101778,6946.655322
5738.000000,8574.101778,6947.155322
5737.000000,8574.101778,6947.655322
5736.000000,8574.101778,6948.155322
5735.000000,8574.101778,6948.655322
5734.000000,8574.101778,6949.155322
5733.000000,8574.101778,6949.655322
5727.000000,8574.101778,6952.655322
5726.000000,8574.101778,6953.155322
5725.000000,8574.101778,6953.655322
5724.000000,8574.101778,6954.155322
5723.000000,8574.101778,6954.655322
5722.000000,8574.101778,6955.155322
5721.000000,8574.101778,6955.655322
5720.000000,8574.101778,6956.155322
5719.000000,8574.101778,6956.655322
5718.000000,8574.101778,6957.155322
5717.000000,8574.101778,6957.655322
5716.000000,8574.101778,6958.155322
5715.000000,8574.101778,6958.655322
5714.000000,8574.101778,6959.155322
5687.000000,8573.601778,6948.655322
5686.000000,8573.601778,6949.155322
5685.000000,8573.601778,6949.655322
5679.000000,8573.601778,6952.655322
5678.000000,8573.601778,6953.155322
5677.000000,8573.601778,6953.655322
5676.000000,8573.601778,6954.155322
5675.000000,8573.601778,6954.655322
5674.000000,8573.601778,6955.155322
5673.000000,8573.601778,6955.655322
5672.000000,8573.601778,6956.155322
5671.000000,8573.601778,6956.655322
5670.000000,8573.601778,6957.155322
5669.000000,8573.601778,6957.655322
5668.000000,8573.601778,6958.155322
5667.000000,8573.601778,6958.655322
5666.000000,8573.601778,6959.155322
5639.000000,8573.101778,6948.655322
5638.000000,8573.101778,6949.155322
5637.000000,8573.101778,6949.655322
5631.000000,8573.101778,6952.655322
5630.000000,8573.101778,6953.155322
5629.000000,8573.101778,6953.655322
5628.000000,8573.101778,6954.155322
5627.000000,8573.101778,6954.655322
5626.000000,8573.101778,6955.155322
5625.000000,8573.101778,6955.655322
5624.000000,8573.101778,6956.155322
5623.000000,8573.101778,6956.655322
5622.000000,8573.101778,6957.155322
5621.000000,8573.101778,6957.655322
5620.000000,8573.101778,6958.155322
5619.000000,8573.101778,6958.655322
5618.000000,8573.101778,6959.155322
5591.000000,8572.601778,6948.655322
5590.000000,8572.601778,6949.155322
5589.000000,8572.601778,6949.655322
5583.000000,8572.601778,6952.655322
5582.000000,8572.601778,6953.155322
5581.000000,8572.601778,6953.655322
5580.000000,8572.601778,6954.155322
5579.000000,8572.601778,6954.655322
5578.000000,8572.601778,6955.155322
5577.000000,8572.601778,6955.655322
5576.000000,8572.601778,6956.155322
5575.000000,8572.601778,6956.655322
5574.000000,8572.601778,6957.155322
5573.000000,8572.601778,6957.655322
5543.000000,8572.101778,6948.655322
5542.000000,8572.101778,6949.155322
5541.000000,8572.101778,6949.655322
5540.000000,8572.101778,6950.155322
5539.000000,8572.101778,6950.655322
5538.000000,8572.101778,6951.155322
5537.000000,8572.101778,6951.655322
5536.000000,8572.101778,6952.155322
5535.000000,8572.101778,6952.655322
5534.000000,8572.101778,6953.155322
5533.000000,8572.101778,6953.655322
5532.000000,8572.101778,6954.155322
5531.000000,8572.101778,6954.655322
5530.000000,8572.101778,6955.155322
5529.000000,8572.101778,6955.655322
5528.000000,8572.101778,6956.155322
5527.000000,8572.101778,6956.655322
5526.000000,8572.101778,6957.155322
5525.000000,8572.101778,6957.655322
5495.000000,8571.601778,6948.655322
5494.000000,8571.601778,6949.155322
5493.000000,8571.601778,6949.655322
5492.000000,8571.601778,6950.155322
5491.000000,8571.601778,6950.655322
5490.000000,8571.601778,6951.155322
5489.000000,8571.601778,6951.655322
5488.000000,8571.601778,6952.155322
5487.000000,8571.601778,6952.655322
5486.000000,8571.601778,6953.155322
5485.000000,8571.601778,6953.655322
5484.000000,8571.601778,6954.155322
5483.000000,8571.601778,6954.655322
5482.000000,8571.601778,6955.155322
5481.000000,8571.601778,6955.655322
5480.000000,8571.601778,6956.155322
5479.000000,8571.601778,6956.655322
5478.000000,8571.601778,6957.155322
5477.000000,8571.601778,6957.655322
5447.000000,8571.101778,6948.655322
5446.000000,8571.101778,6949.155322
5445.000000,8571.101778,6949.655322
5444.000000,8571.101778,6950.155322
5443.000000,8571.101778,6950.655322
5442.000000,8571.101778,6951.155322
5441.000000,8571.101778,6951.655322
5440.000000,8571.101778,6952.155322
5439.000000,8571.101778,6952.655322
5438.000000,8571.101778,6953.155322
5437.000000,8571.101778,6953.655322
5436.000000,8571.101778,6954.155322
5435.000000,8571.101778,6954.655322
5434.000000,8571.101778,6955.155322
5433.000000,8571.101778,6955.655322
5432.000000,8571.101778,6956.155322
5431.000000,8571.101778,6956.655322
5430.000000,8571.101778,6957.155322
5429.000000,8571.101778,6957.655322
5399.000000,8570.601778,6948.655322
5398.000000,8570.601778,6949.155322
5397.000000,8570.601778,6949.655322
5396.000000,8570.601778,6950.155322
5395.000000,8570.601778,6950.655322
5394.000000,8570.601778,6951.155322
5393.000000,8570.601778,6951.655322
5392.000000,8570.601778,6952.155322
5391.000000,8570.601778,6952.655322
5390.000000,8570.601778,6953.155322
5389.000000,8570.601778,6953.655322
5388.000000,8570.601778,6954.155322
5387.000000,8570.601778,6954.655322
5386.000000,8570.601778,6955.155322
5385.000000,8570.601778,6955.655322
5351.000000,8570.101778,6948.655322
5350.000000,8570.101778,6949.155322
5349.000000,8570.101778,6949.655322
5348.000000,8570.101778,6950.155322
5347.000000,8570.101778,6950.655322
5346.000000,8570.101778,6951.155322
5345.000000,8570.101778,6951.655322
5344.000000,8570.101778,6952.155322
5343.000000,8570.101778,6952.655322
5342.000000,8570.101778,6953.155322
5341.000000,8570.101778,6953.655322
5340.000000,8570.101778,6954.155322
5339.000000,8570.101778,6954.655322
5338.000000,8570.101778,6955.155322
5337.000000,8570.101778,6955.655322
5303.000000,8569.601778,6948.655322
5302.000000,8569.601778,6949.155322
5301.000000,8569.601778,6949.655322
5292.000000,8569.601778,6954.155322
5291.000000,8569.601778,6954.655322
5290.000000,8569.601778,6955.155322
5289.000000,8569.601778,6955.655322
5255.000000,8569.101778,6948.655322
5254.000000,8569.101778,6949.155322
5253.000000,8569.101778,6949.655322
5244.000000,8569.101778,6954.155322
5243.000000,8569.101778,6954.655322
5242.000000,8569.101778,6955.155322
5241.000000,8569.101778,6955.655322
5207.000000,8568.601778,6948.655322
5206.000000,8568.601778,6949.155322
5205.000000,8568.601778,6949.655322
5196.000000,8568.601778,6954.155322
5195.000000,8568.601778,6954.655322
5194.000000,8568.601778,6955.155322
5193.000000,8568.601778,6955.655322
5159.000000,8568.101778,6948.655322
5158.000000,8568.101778,6949.155322
5157.000000,8568.101778,6949.655322
5148.000000,8568.101778,6954.155322
5147.000000,8568.101778,6954.655322
5146.000000,8568.101778,6955.155322
5145.000000,8568.101778,6955.655322
5111.000000,8567.601778,6948.655322
5110.000000,8567.601778,6949.155322
5109.000000,8567.601778,6949.655322
5100.000000,8567.601778,6954.155322
5099.000000,8567.601778,6954.655322
5098.000000,8567.601778,6955.155322
5097.000000,8567.601778,6955.655322
5063.000000,8567.101778,6948.655322
5062.000000,8567.101778,6949.155322
5061.000000,8567.101778,6949.655322
5052.000000,8567.101778,6954.155322
5051.000000,8567.101778,6954.655322
5050.000000,8567.101778,6955.155322
5049.000000,8567.101778,6955.655322
5015.000000,8566.601778,6948.655322
5014.000000,8566.601778,6949.155322
5013.000000,8566.601778,6949.655322
5004.000000,8566.601778,6954.155322
5003.000000,8566.601778,6954.655322
5002.000000,8566.601778,6955.155322
5001.000000,8566.601778,6955.655322
4967.000000,8566.101778,6948.655322
4966.000000,8566.101778,6949.155322
4965.000000,8566.101778,6949.655322
4964.000000,8566.101778,6950.155322
4963.000000,8566.101778,6950.655322
4962.000000,8566.101778,6951.155322
4961.000000,8566.101778,6951.655322
4960.000000,8566.101778,6952.155322
4959.000000,8566.101778,6952.655322
4958.000000,8566.101778,6953.155322
4957.000000,8566.101778,6953.655322
4956.000000,8566.101778,6954.155322
4955.000000,8566.101778,6954.655322
4954.000000,8566.101778,6955.155322
4953.000000,8566.101778,6955.655322
4919.000000,8565.601778,6948.655322
4918.000000,8565.601778,6949.155322
4917.000000,8565.601778,6949.655322
4916.000000,8565.601778,6950.155322
4915.000000,8565.601778,6950.655322
4914.000000,8565.601778,6951.155322
4913.000000,8565.601778,6951.655322
4912.000000,8565.601778,6952.155322
4911.000000,8565.601778,6952.655322
4910.000000,8565.601778,6953.155322
4909.000000,8565.601778,6953.655322
4908.000000,8565.601778,6954.155322
4907.000000,8565.601778,6954.655322
4906.000000,8565.601778,6955.155322
4905.000000,8565.601778,6955.655322
4871.000000,8565.101778,6948.655322
4870.000000,8565.101778,6949.155322
4869.000000,8565.101778,6949.655322
4868.000000,8565.101778,6950.155322
4867.000000,8565.101778,6950.655322
4866.000000,8565.101778,6951.155322
4865.000000,8565.101778,6951.655322
4864.000000,8565.101778,6952.155322
4863.000000,8565.101778,6952.655322
4862.000000,8565.101778,6953.155322
4861.000000,8565.101778,6953.655322
4860.000000,8565.101778,6954.155322
4859.000000,8565.101778,6954.655322
4858.000000,8565.101778,6955.155322
4857.000000,8565.101778,6955.655322
4823.000000,8564.601778,6948.655322
4822.000000,8564.601778,6949.155322
4821.000000,8564.601778,6949.655322
4820.000000,8564.601778,6950.155322
4819.000000,8564.601778,6950.655322
4818.000000,8564.601778,6951.155322
4817.000000,8564.601778,6951.655322
4816.000000,8564.601778,6952.155322
4815.000000,8564.601778,6952.655322
4814.000000,8564.601778,6953.155322
4813.000000,8564.601778,6953.655322
4812.000000,8564.601778,6954.155322
4811.000000,8564.601778,6954.655322
4810.000000,8564.601778,6955.155322
4809.000000,8564.601778,6955.655322
4775.000000,8564.101778,6948.655322
4774.000000,8564.101778,6949.155322
4773.000000,8564.101778,6949.655322
4772.000000,8564.101778,6950.155322
4771.000000,8564.101778,6950.655322
4770.000000,8564.101778,6951.155322
4769.000000,8564.101778,6951.655322
4768.000000,8564.101778,6952.155322
4767.000000,8564.101778,6952.655322
4766.000000,8564.101778,6953.155322
4765.000000,8564.101778,6953.655322
4764.000000,8564.101778,6954.155322
4763.000000,8564.101778,6954.655322
4762.000000,8564.101778,6955.155322
4761.000000,8564.101778,6955.655322
4727.000000,8563.601778,6948.655322
4726.000000,8563.601778,6949.155322
4725.000000,8563.601778,6949.655322
4724.000000,8563.601778,6950.155322
4723.000000,8563.601778,6950.655322
4722.000000,8563.601778,6951.155322
4721.000000,8563.601778,6951.655322
4720.000000,8563.601778,6952.155322
4719.000000,8563.601778,6952.655322
4718.000000,8563.601778,6953.155322
4717.000000,8563.601778,6953.655322
4716.000000,8563.601778,6954.155322
4715.000000,8563.601778,6954.655322
4714.000000,8563.601778,6955.155322
4713.000000,8563.601778,6955.655322
4679.000000,8563.101778,6948.655322
4678.000000,8563.101778,6949.155322
4677.000000,8563.101778,6949.655322
4631.000000,8562.601778,6948.655322
4630.000000,8562.601778,6949.155322
4629.000000,8562.601778,6949.655322
4583.000000,8562.101778,6948.655322
4582.000000,8562.101778,6949.155322
4581.000000,8562.101778,6949.655322
4546.000000,8561.601778,6943.155322
4545.000000,8561.601778,6943.655322
4544.000000,8561.601778,6944.155322
4543.000000,8561.601778,6944.655322
4542.000000,8561.601778,6945.155322
4541.000000,8561.601778,6945.655322
4540.000000,8561.601778,6946.155322
4539.000000,8561.601778,6946.655322
4538.000000,8561.601778,6947.155322
4537.000000,8561.601778,6947.655322
4536.000000,8561.601778,6948.155322
4535.000000,8561.601778,6948.655322
4534.000000,8561.601778,6949.155322
4533.000000,8561.601778,6949.655322
4498.000000,8561.101778,6943.155322
4497.000000,8561.101778,6943.655322
4496.000000,8561.101778,6944.155322
4495.000000,8561.101778,6944.655322
4494.000000,8561.101778,6945.155322
4493.000000,8561.101778,6945.655322
4492.000000,8561.101778,6946.155322
4491.000000,8561.101778,6946.655322
4490.000000,8561.101778,6947.155322
4489.000000,8561.101778,6947.655322
4488.000000,8561.101778,6948.155322
4487.000000,8561.101778,6948.655322
4486.000000,8561.101778,6949.155322
4485.000000,8561.101778,6949.655322
4450.000000,8560.601778,6943.155322
4449.000000,8560.601778,6943.655322
4448.000000,8560.601778,6944.155322
4447.000000,8560.601778,6944.655322
4446.000000,8560.601778,6945.155322
4445.000000,8560.601778,6945.655322
4444.000000,8560.601778,6946.155322
4443.000000,8560.601778,6946.655322
4442.000000,8560.601778,6947.155322
4441.000000,8560.601778,6947.655322
4440.000000,8560.601778,6948.155322
4439.000000,8560.601778,6948.655322
4438.000000,8560.601778,6949.155322
4437.000000,8560.601778,6949.655322
4402.000000,8560.101778,6943.155322
4401.000000,8560.101778,6943.655322
4400.000000,8560.101778,6944.155322
4399.000000,8560.101778,6944.655322
4398.000000,8560.101778,6945.155322
4397.000000,8560.101778,6945.655322
4396.000000,8560.101778,6946.155322
4395.000000,8560.101778,6946.655322
4394.000000,8560.101778,6947.155322
4393.000000,8560.101778,6947.655322
4392.000000,8560.101778,6948.155322
4391.000000,8560.101778,6948.655322
4390.000000,8560.101778,6949.155322
4389.000000,8560.101778,6949.655322
4354.000000,8559.601778,6943.155322
4353.000000,8559.601778,6943.655322
4352.000000,8559.601778,6944.155322
4351.000000,8559.601778,6944.655322
4343.000000,8559.601778,6948.655322
4342.000000,8559.601778,6949.155322
4341.000000,8559.601778,6949.655322
4306.000000,8559.101778,6943.155322
4305.000000,8559.101778,6943.655322
4304.000000,8559.101778,6944.155322
4303.000000,8559.101778,6944.655322
4295.000000,8559.101778,6948.655322
4294.000000,8559.101778,6949.155322
4293.000000,8559.101778,6949.655322
4258.000000,8558.601778,6943.155322
4257.000000,8558.601778,6943.655322
4256.000000,8558.601778,6944.155322
4255.000000,8558.601778,6944.655322
4247.000000,8558.601778,6948.655322
4246.000000,8558.601778,6949.155322
4245.000000,8558.601778,6949.655322
4210.000000,8558.101778,6943.155322
4209.000000,8558.101778,6943.655322
4208.000000,8558.101778,6944.155322
4207.000000,8558.101778,6944.655322
4199.000000,8558.101778,6948.655322
4198.000000,8558.101778,6949.155322
4197.000000,8558.101778,6949.655322
4162.000000,8557.601778,6943.155322
4161.000000,8557.601778,6943.655322
4160.000000,8557.601778,6944.155322
4159.000000,8557.601778,6944.655322
4151.000000,8557.601778,6948.655322
4150.000000,8557.601778,6949.155322
4149.000000,8557.601778,6949.655322
4114.000000,8557.101778,6943.155322
4113.000000,8557.101778,6943.655322
4112.000000,8557.101778,6944.155322
4111.000000,8557.101778,6944.655322
4103.000000,8557.101778,6948.655322
4102.000000,8557.101778,6949.155322
4101.000000,8557.101778,6949.655322
4066.000000,8556.601778,6943.155322
4065.000000,8556.601778,6943.655322
4064.000000,8556.601778,6944.155322
4063.000000,8556.601778,6944.655322
4062.000000,8556.601778,6945.155322
4061.000000,8556.601778,6945.655322
4060.000000,8556.601778,6946.155322
4059.000000,8556.601778,6946.655322
4058.000000,8556.601778,6947.155322
4057.000000,8556.601778,6947.655322
4056.000000,8556.601778,6948.155322
4055.000000,8556.601778,6948.655322
4054.000000,8556.601778,6949.155322
4053.000000,8556.601778,6949.655322
4018.000000,8556.101778,6943.155322
4017.000000,8556.101778,6943.655322
4016.000000,8556.101778,6944.155322
4015.000000,8556.101778,6944.655322
4014.000000,8556.101778,6945.155322
4013.000000,8556.101778,6945.655322
4012.000000,8556.101778,6946.155322
4011.000000,8556.101778,6946.655322
4010.000000,8556.101778,6947.155322
4009.000000,8556.101778,6947.655322
4008.000000,8556.101778,6948.155322
4007.000000,8556.101778,6948.655322
4006.000000,8556.101778,6949.155322
4005.000000,8556.101778,6949.655322
3970.000000,8555.601778,6943.155322
3969.000000,8555.601778,6943.655322
3968.000000,8555.601778,6944.155322
3967.000000,8555.601778,6944.655322
3966.000000,8555.601778,6945.155322
3965.000000,8555.601778,6945.655322
3964.000000,8555.601778,6946.155322
3963.000000,8555.601778,6946.655322
3962.000000,8555.601778,6947.155322
3961.000000,8555.601778,6947.655322
3960.000000,8555.601778,6948.155322
3959.000000,8555.601778,6948.655322
3958.000000,8555.601778,6949.155322
3957.000000,8555.601778,6949.655322
3922.000000,8555.101778,6943.155322
3922.000000,8555.101778,6943.155322
3921.000000,8555.101778,6943.655322
3921.000000,8555.101778,6943.655322
3920.000000,8555.101778,6944.155322
3920.000000,8555.101778,6944.155322
3919.000000,8555.101778,6944.655322
3919.000000,8555.101778,6944.655322
3918.000000,8555.101778,6945.155322
3918.000000,8555.101778,6945.155322
3917.000000,8555.101778,6945.655322
3917.000000,8555.101778,6945.655322
3916.000000,8555.101778,6946.155322
3916.000000,8555.101778,6946.155322
3915.000000,8555.101778,6946.655322
3915.000000,8555.101778,6946.655322
3914.000000,8555.101778,6947.155322
3914.000000,8555.101778,6947.155322
3913.000000,8555.101778,6947.655322
3913.000000,8555.101778,6947.655322
3912.000000,8555.101778,6948.155322
3912.000000,8555.101778,6948.155322
3911.000000,8555.101778,6948.655322
3910.000000,8555.101778,6949.155322
3909.000000,8555.101778,6949.655322
3863.000000,8554.601778,6948.655322
3862.000000,8554.601778,6949.155322
3861.000000,8554.601778,6949.655322
3815.000000,8554.101778,6948.655322
3814.000000,8554.101778,6949.155322
3813.000000,8554.101778,6949.655322
3767.000000,8553.601778,6948.655322
3766.000000,8553.601778,6949.155322
3765.000000,8553.601778,6949.655322
3719.000000,8553.101778,6948.655322
3718.000000,8553.101778,6949.155322
3717.000000,8553.101778,6949.655322
3671.000000,8552.601778,6948.655322
3670.000000,8552.601778,6949.155322
3669.000000,8552.601778,6949.655322
3623.000000,8552.101778,6948.655322
3622.000000,8552.101778,6949.155322
3621.000000,8552.101778,6949.655322
3575.000000,8551.601778,6948.655322
3574.000000,8551.601778,6949.155322
3573.000000,8551.601778,6949.655322
3527.000000,8551.101778,6948.655322
3526.000000,8551.101778,6949.155322
3525.000000,8551.101778,6949.655322
3479.000000,8550.601778,6948.655322
3478.000000,8550.601778,6949.155322
3477.000000,8550.601778,6949.655322
3431.000000,8550.101778,6948.655322
3430.000000,8550.101778,6949.155322
3429.000000,8550.101778,6949.655322
3383.000000,8549.601778,6948.655322
3382.000000,8549.601778,6949.155322
3381.000000,8549.601778,6949.655322
3335.000000,8549.101778,6948.655322
3334.000000,8549.101778,6949.155322
3333.000000,8549.101778,6949.655322
3287.000000,8548.601778,6948.655322
3286.000000,8548.601778,6949.155322
3285.000000,8548.601778,6949.655322
3239.000000,8548.101778,6948.655322
3238.000000,8548.101778,6949.155322
3237.000000,8548.101778,6949.655322
3191.000000,8547.601778,6948.655322
3190.000000,8547.601778,6949.155322
3189.000000,8547.601778,6949.655322
3143.000000,8547.101778,6948.655322
3142.000000,8547.101778,6949.155322
3141.000000,8547.101778,6949.655322
3095.000000,8546.601778,6948.655322
3094.000000,8546.601778,6949.155322
3093.000000,8546.601778,6949.655322
3056.000000,8546.101778,6944.155322
3055.000000,8546.101778,6944.655322
3054.000000,8546.101778,6945.155322
3053.000000,8546.101778,6945.655322
3052.000000,8546.101778,6946.155322
3051.000000,8546.101778,6946.655322
3050.000000,8546.101778,6947.155322
3049.000000,8546.101778,6947.655322
3048.000000,8546.101778,6948.155322
3047.000000,8546.101778,6948.655322
3046.000000,8546.101778,6949.155322
3045.000000,8546.101778,6949.655322
3044.000000,8546.101778,6950.155322
3043.000000,8546.101778,6950.655322
3042.000000,8546.101778,6951.155322
3041.000000,8546.101778,6951.655322
3040.000000,8546.101778,6952.155322
3039.000000,8546.101778,6952.655322
3038.000000,8546.101778,6953.155322
3037.000000,8546.101778,6953.655322
3036.000000,8546.101778,6954.155322
3035.000000,8546.101778,6954.655322
3008.000000,8545.601778,6944.155322
3007.000000,8545.601778,6944.655322
3006.000000,8545.601778,6945.155322
3005.000000,8545.601778,6945.655322
3004.000000,8545.601778,6946.155322
3003.000000,8545.601778,6946.655322
3002.000000,8545.601778,6947.155322
3001.000000,8545.601778,6947.655322
3000.000000,8545.601778,6948.155322
2999.000000,8545.601778,6948.655322
2998.000000,8545.601778,6949.155322
2997.000000,8545.601778,6949.655322
2996.000000,8545.601778,6950.155322
2995.000000,8545.601778,6950.655322
2994.000000,8545.601778,6951.155322
2993.000000,8545.601778,6951.655322
2992.000000,8545.601778,6952.155322
2991.000000,8545.601778,6952.655322
2990.000000,8545.601778,6953.155322
2989.000000,8545.601778,6953.655322
2988.000000,8545.601778,6954.155322
2987.000000,8545.601778,6954.655322
2960.000000,8545.101778,6944.155322
2959.000000,8545.101778,6944.655322
2958.000000,8545.101778,6945.155322
2957.000000,8545.101778,6945.655322
2956.000000,8545.101778,6946.155322
2955.000000,8545.101778,6946.655322
2954.000000,8545.101778,6947.155322
2953.000000,8545.101778,6947.655322
2952.000000,8545.101778,6948.155322
2951.000000,8545.101778,6948.655322
2950.000000,8545.101778,6949.155322
2949.000000,8545.101778,6949.655322
2948.000000,8545.101778,6950.155322
2947.000000,8545.101778,6950.655322
2946.000000,8545.101778,6951.155322
2945.000000,8545.101778,6951.655322
2944.000000,8545.101778,6952.155322
2943.000000,8545.101778,6952.655322
2942.000000,8545.101778,6953.155322
2941.000000,8545.101778,6953.655322
2940.000000,8545.101778,6954.155322
2939.000000,8545.101778,6954.655322
2912.000000,8544.601778,6944.155322
2911.000000,8544.601778,6944.655322
2910.000000,8544.601778,6945.155322
2909.000000,8544.601778,6945.655322
2908.000000,8544.601778,6946.155322
2903.000000,8544.601778,6948.655322
2902.000000,8544.601778,6949.155322
2901.000000,8544.601778,6949.655322
2900.000000,8544.601778,6950.155322
2899.000000,8544.601778,6950.655322
2898.000000,8544.601778,6951.155322
2897.000000,8544.601778,6951.655322
2896.000000,8544.601778,6952.155322
2895.000000,8544.601778,6952.655322
2894.000000,8544.601778,6953.155322
2893.000000,8544.601778,6953.655322
2892.000000,8544.601778,6954.155322
2891.000000,8544.601778,6954.655322
2864.000000,8544.101778,6944.155322
2863.000000,8544.101778,6944.655322
2862.000000,8544.101778,6945.155322
2861.000000,8544.101778,6945.655322
2860.000000,8544.101778,6946.155322
2855.000000,8544.101778,6948.655322
2854.000000,8544.101778,6949.155322
2853.000000,8544.101778,6949.655322
2847.000000,8544.101778,6952.655322
2846.000000,8544.101778,6953.155322
2845.000000,8544.101778,6953.655322
2844.000000,8544.101778,6954.155322
2843.000000,8544.101778,6954.655322
2816.000000,8543.601778,6944.155322
2815.000000,8543.601778,6944.655322
2814.000000,8543.601778,6945.155322
2813.000000,8543.601778,6945.655322
2812.000000,8543.601778,6946.155322
2807.000000,8543.601778,6948.655322
2806.000000,8543.601778,6949.155322
2805.000000,8543.601778,6949.655322
2799.000000,8543.601778,6952.655322
2798.000000,8543.601778,6953.155322
2797.000000,8543.601778,6953.655322
2796.000000,8543.601778,6954.155322
2795.000000,8543.601778,6954.655322
2768.000000,8543.101778,6944.155322
2767.000000,8543.101778,6944.655322
2766.000000,8543.101778,6945.155322
2765.000000,8543.101778,6945.655322
2764.000000,8543.101778,6946.155322
2759.000000,8543.101778,6948.655322
2758.000000,8543.101778,6949.155322
2757.000000,8543.101778,6949.655322
2751.000000,8543.101778,6952.655322
2750.000000,8543.101778,6953.155322
2749.000000,8543.101778,6953.655322
2748.000000,8543.101778,6954.155322
2747.000000,8543.101778,6954.655322
2720.000000,8542.601778,6944.155322
2719.000000,8542.601778,6944.655322
2718.000000,8542.601778,6945.155322
2717.000000,8542.601778,6945.655322
2716.000000,8542.601778,6946.155322
2711.000000,8542.601778,6948.655322
2710.000000,8542.601778,6949.155322
2709.000000,8542.601778,6949.655322
2703.000000,8542.601778,6952.655322
2702.000000,8542.601778,6953.155322
2701.000000,8542.601778,6953.655322
2700.000000,8542.601778,6954.155322
2699.000000,8542.601778,6954.655322
2672.000000,8542.101778,6944.155322
2671.000000,8542.101778,6944.655322
2670.000000,8542.101778,6945.155322
2669.000000,8542.101778,6945.655322
2668.000000,8542.101778,6946.155322
2663.000000,8542.101778,6948.655322
2662.000000,8542.101778,6949.155322
2661.000000,8542.101778,6949.655322
2655.000000,8542.101778,6952.655322
2654.000000,8542.101778,6953.155322
2653.000000,8542.101778,6953.655322
2652.000000,8542.101778,6954.155322
2651.000000,8542.101778,6954.655322
2624.000000,8541.601778,6944.155322
2623.000000,8541.601778,6944.655322
2622.000000,8541.601778,6945.155322
2621.000000,8541.601778,6945.655322
2620.000000,8541.601778,6946.155322
2615.000000,8541.601778,6948.655322
2614.000000,8541.601778,6949.155322
2613.000000,8541.601778,6949.655322
2607.000000,8541.601778,6952.655322
2606.000000,8541.601778,6953.155322
2605.000000,8541.601778,6953.655322
2604.000000,8541.601778,6954.155322
2603.000000,8541.601778,6954.655322
2576.000000,8541.101778,6944.155322
2575.000000,8541.101778,6944.655322
2574.000000,8541.101778,6945.155322
2573.000000,8541.101778,6945.655322
2572.000000,8541.101778,6946.155322
2567.000000,8541.101778,6948.655322
2566.000000,8541.101778,6949.155322
2565.000000,8541.101778,6949.655322
2559.000000,8541.101778,6952.655322
2558.000000,8541.101778,6953.155322
2557.000000,8541.101778,6953.655322
2556.000000,8541.101778,6954.155322
2555.000000,8541.101778,6954.655322
2528.000000,8540.601778,6944.155322
2527.000000,8540.601778,6944.655322
2526.000000,8540.601778,6945.155322
2525.000000,8540.601778,6945.655322
2524.000000,8540.601778,6946.155322
2519.000000,8540.601778,6948.655322
2518.000000,8540.601778,6949.155322
2517.000000,8540.601778,6949.655322
2511.000000,8540.601778,6952.655322
2510.000000,8540.601778,6953.155322
2509.000000,8540.601778,6953.655322
2508.000000,8540.601778,6954.155322
2507.000000,8540.601778,6954.655322
2480.000000,8540.101778,6944.155322
2479.000000,8540.101778,6944.655322
2478.000000,8540.101778,6945.155322
2477.000000,8540.101778,6945.655322
2476.000000,8540.101778,6946.155322
2471.000000,8540.101778,6948.655322
2470.000000,8540.101778,6949.155322
2469.000000,8540.101778,6949.655322
2463.000000,8540.101778,6952.655322
2462.000000,8540.101778,6953.155322
2461.000000,8540.101778,6953.655322
2460.000000,8540.101778,6954.155322
2459.000000,8540.101778,6954.655322
2432.000000,8539.601778,6944.155322
2431.000000,8539.601778,6944.655322
2430.000000,8539.601778,6945.155322
2429.000000,8539.601778,6945.655322
2428.000000,8539.601778,6946.155322
2427.000000,8539.601778,6946.655322
2426.000000,8539.601778,6947.155322
2425.000000,8539.601778,6947.655322
2424.000000,8539.601778,6948.155322
2423.000000,8539.601778,6948.655322
2422.000000,8539.601778,6949.155322
2421.000000,8539.601778,6949.655322
2420.000000,8539.601778,6950.155322
2419.000000,8539.601778,6950.655322
2418.000000,8539.601778,6951.155322
2417.000000,8539.601778,6951.655322
2416.000000,8539.601778,6952.155322
2415.000000,8539.601778,6952.655322
2414.000000,8539.601778,6953.155322
2413.000000,8539.601778,6953.655322
2412.000000,8539.601778,6954.155322
2411.000000,8539.601778,6954.655322
2384.000000,8539.101778,6944.155322
2383.000000,8539.101778,6944.655322
2382.000000,8539.101778,6945.155322
2381.000000,8539.101778,6945.655322
2380.000000,8539.101778,6946.155322
2379.000000,8539.101778,6946.655322
2378.000000,8539.101778,6947.155322
2377.000000,8539.101778,6947.655322
2376.000000,8539.101778,6948.155322
2375.000000,8539.101778,6948.655322
2374.000000,8539.101778,6949.155322
2373.000000,8539.101778,6949.655322
2372.000000,8539.101778,6950.155322
2371.000000,8539.101778,6950.655322
2370.000000,8539.101778,6951.155322
2369.000000,8539.101778,6951.655322
2368.000000,8539.101778,6952.155322
2367.000000,8539.101778,6952.655322
2366.000000,8539.101778,6953.155322
2365.000000,8539.101778,6953.655322
2364.000000,8539.101778,6954.155322
2363.000000,8539.101778,6954.655322
2336.000000,8538.601778,6944.155322
2336.000000,8538.601778,6944.155322
2335.000000,8538.601778,6944.655322
2335.000000,8538.601778,6944.655322
2334.000000,8538.601778,6945.155322
2334.000000,8538.601778,6945.155322
2333.000000,8538.601778,6945.655322
2333.000000,8538.601778,6945.655322
2332.000000,8538.601778,6946.155322
2332.000000,8538.601778,6946.155322
2331.000000,8538.601778,6946.655322
2331.000000,8538.601778,6946.655322
2330.000000,8538.601778,6947.155322
2330.000000,8538.601778,6947.155322
2329.000000,8538.601778,6947.655322
2329.000000,8538.601778,6947.655322
2328.000000,8538.601778,6948.155322
2328.000000,8538.601778,6948.155322
2327.000000,8538.601778,6948.655322
2326.000000,8538.601778,6949.155322
2325.000000,8538.601778,6949.655322
2324.000000,8538.601778,6950.155322
2324.000000,8538.601778,6950.155322
2323.000000,8538.601778,6950.655322
2323.000000,8538.601778,6950.655322
2322.000000,8538.601778,6951.155322
2322.000000,8538.601778,6951.155322
2321.000000,8538.601778,6951.655322
2321.000000,8538.601778,6951.655322
2320.000000,8538.601778,6952.155322
2320.000000,8538.601778,6952.155322
2319.000000,8538.601778,6952.655322
2319.000000,8538.601778,6952.655322
2318.000000,8538.601778,6953.155322
2318.000000,8538.601778,6953.155322
2317.000000,8538.601778,6953.655322
2317.000000,8538.601778,6953.655322
2316.000000,8538.601778,6954.155322
2316.000000,8538.601778,6954.155322
2315.000000,8538.601778,6954.655322
2315.000000,8538.601778,6954.655322
2279.000000,8538.101778,6948.655322
2278.000000,8538.101778,6949.155322
2277.000000,8538.101778,6949.655322
2231.000000,8537.601778,6948.655322
2230.000000,8537.601778,6949.155322
2229.000000,8537.601778,6949.655322
2183.000000,8537.101778,6948.655322
2182.000000,8537.101778,6949.155322
2181.000000,8537.101778,6949.655322
2135.000000,8536.601778,6948.655322
2134.000000,8536.601778,6949.155322
2133.000000,8536.601778,6949.655322
2087.000000,8536.101778,6948.655322
2086.000000,8536.101778,6949.155322
2085.000000,8536.101778,6949.655322
2039.000000,8535.601778,6948.655322
2038.000000,8535.601778,6949.155322
2037.000000,8535.601778,6949.655322
1991.000000,8535.101778,6948.655322
1990.000000,8535.101778,6949.155322
1989.000000,8535.101778,6949.655322
1943.000000,8534.601778,6948.655322
1942.000000,8534.601778,6949.155322
1941.000000,8534.601778,6949.655322
1895.000000,8534.101778,6948.655322
1894.000000,8534.101778,6949.155322
1893.000000,8534.101778,6949.655322
1847.000000,8533.601778,6948.655322
1846.000000,8533.601778,6949.155322
1845.000000,8533.601778,6949.655322
1799.000000,8533.101778,6948.655322
1798.000000,8533.101778,6949.155322
1797.000000,8533.101778,6949.655322
1751.000000,8532.601778,6948.655322
1750.000000,8532.601778,6949.155322
1749.000000,8532.601778,6949.655322
1703.000000,8532.101778,6948.655322
1702.000000,8532.101778,6949.155322
1701.000000,8532.101778,6949.655322
1655.000000,8531.601778,6948.655322
1654.000000,8531.601778,6949.155322
1653.000000,8531.601778,6949.655322
1607.000000,8531.101778,6948.655322
1606.000000,8531.101778,6949.155322
1605.000000,8531.101778,6949.655322
1559.000000,8530.601778,6948.655322
1558.000000,8530.601778,6949.155322
1557.000000,8530.601778,6949.655322
1511.000000,8530.101778,6948.655322
1510.000000,8530.101778,6949.155322
1509.000000,8530.101778,6949.655322
1463.000000,8529.601778,6948.655322
1462.000000,8529.601778,6949.155322
1461.000000,8529.601778,6949.655322
1415.000000,8529.101778,6948.655322
1414.000000,8529.101778,6949.155322
1413.000000,8529.101778,6949.655322
1383.000000,8528.601778,6940.655322
1383.000000,8528.601778,6940.655322
1382.000000,8528.601778,6941.155322
1381.000000,8528.601778,6941.655322
1380.000000,8528.601778,6942.155322
1379.000000,8528.601778,6942.655322
1378.000000,8528.601778,6943.155322
1377.000000,8528.601778,6943.655322
1377.000000,8528.601778,6943.655322
1367.000000,8528.601778,6948.655322
1366.000000,8528.601778,6949.155322
1365.000000,8528.601778,6949.655322
1335.000000,8528.101778,6940.655322
1335.000000,8528.101778,6940.655322
1334.000000,8528.101778,6941.155322
1333.000000,8528.101778,6941.655322
1332.000000,8528.101778,6942.155322
1331.000000,8528.101778,6942.655322
1330.000000,8528.101778,6943.155322
1329.000000,8528.101778,6943.655322
1329.000000,8528.101778,6943.655322
1319.000000,8528.101778,6948.655322
1318.000000,8528.101778,6949.155322
1317.000000,8528.101778,6949.655322
1287.000000,8527.601778,6940.655322
1287.000000,8527.601778,6940.655322
1286.000000,8527.601778,6941.155322
1285.000000,8527.601778,6941.655322
1284.000000,8527.601778,6942.155322
1283.000000,8527.601778,6942.655322
1282.000000,8527.601778,6943.155322
1281.000000,8527.601778,6943.655322
1281.000000,8527.601778,6943.655322
1271.000000,8527.601778,6948.655322
1270.000000,8527.601778,6949.155322
1269.000000,8527.601778,6949.655322
1239.000000,8527.101778,6940.655322
1239.000000,8527.101778,6940.655322
1238.000000,8527.101778,6941.155322
1237.000000,8527.101778,6941.655322
1236.000000,8527.101778,6942.155322
1235.000000,8527.101778,6942.655322
1234.000000,8527.101778,6943.155322
1233.000000,8527.101778,6943.655322
1233.000000,8527.101778,6943.655322
1223.000000,8527.101778,6948.655322
1222.000000,8527.101778,6949.155322
1221.000000,8527.101778,6949.655322
1191.000000,8526.601778,6940.655322
1191.000000,8526.601778,6940.655322
1190.000000,8526.601778,6941.155322
1189.000000,8526.601778,6941.655322
1188.000000,8526.601778,6942.155322
1187.000000,8526.601778,6942.655322
1186.000000,8526.601778,6943.155322
1185.000000,8526.601778,6943.655322
1175.000000,8526.601778,6948.655322
1174.000000,8526.601778,6949.155322
1173.000000,8526.601778,6949.655322
1143.000000,8526.101778,6940.655322
1143.000000,8526.101778,6940.655322
1142.000000,8526.101778,6941.155322
1141.000000,8526.101778,6941.655322
1140.000000,8526.101778,6942.155322
1139.000000,8526.101778,6942.655322
1138.000000,8526.101778,6943.155322
1137.000000,8526.101778,6943.655322
1136.000000,8526.101778,6944.155322
1135.000000,8526.101778,6944.655322
1134.000000,8526.101778,6945.155322
1133.000000,8526.101778,6945.655322
1132.000000,8526.101778,6946.155322
1131.000000,8526.101778,6946.655322
1130.000000,8526.101778,6947.155322
1129.000000,8526.101778,6947.655322
1128.000000,8526.101778,6948.155322
1127.000000,8526.101778,6948.655322
1126.000000,8526.101778,6949.155322
1125.000000,8526.101778,6949.655322
1124.000000,8526.101778,6950.155322
1124.000000,8526.101778,6950.155322
1124.000000,8526.101778,6950.155322
1123.000000,8526.101778,6950.655322
1123.000000,8526.101778,6950.655322
1123.000000,8526.101778,6950.655322
1122.000000,8526.101778,6951.155322
1122.000000,8526.101778,6951.155322
1122.000000,8526.101778,6951.155322
1121.000000,8526.101778,6951.655322
1121.000000,8526.101778,6951.655322
1121.000000,8526.101778,6951.655322
1120.000000,8526.101778,6952.155322
1120.000000,8526.101778,6952.155322
1120.000000,8526.101778,6952.155322
1119.000000,8526.101778,6952.655322
1119.000000,8526.101778,6952.655322
1119.000000,8526.101778,6952.655322
1118.000000,8526.101778,6953.155322
1118.000000,8526.101778,6953.155322
1118.000000,8526.101778,6953.155322
1117.000000,8526.101778,6953.655322
1117.000000,8526.101778,6953.655322
1117.000000,8526.101778,6953.655322
1116.000000,8526.101778,6954.155322
1116.000000,8526.101778,6954.155322
1116.000000,8526.101778,6954.155322
1095.000000,8525.601778,6940.655322
1095.000000,8525.601778,6940.655322
1094.000000,8525.601778,6941.155322
1093.000000,8525.601778,6941.655322
1092.000000,8525.601778,6942.155322
1091.000000,8525.601778,6942.655322
1090.000000,8525.601778,6943.155322
1089.000000,8525.601778,6943.655322
1088.000000,8525.601778,6944.155322
1087.000000,8525.601778,6944.655322
1086.000000,8525.601778,6945.155322
1085.000000,8525.601778,6945.655322
1084.000000,8525.601778,6946.155322
1083.000000,8525.601778,6946.655322
1082.000000,8525.601778,6947.155322
1081.000000,8525.601778,6947.655322
1080.000000,8525.601778,6948.155322
1079.000000,8525.601778,6948.655322
1078.000000,8525.601778,6949.155322
1077.000000,8525.601778,6949.655322
1076.000000,8525.601778,6950.155322
1075.000000,8525.601778,6950.655322
1074.000000,8525.601778,6951.155322
1073.000000,8525.601778,6951.655322
1072.000000,8525.601778,6952.155322
1071.000000,8525.601778,6952.655322
1070.000000,8525.601778,6953.155322
1069.000000,8525.601778,6953.655322
1068.000000,8525.601778,6954.155322
1047.000000,8525.101778,6940.655322
1047.000000,8525.101778,6940.655322
1046.000000,8525.101778,6941.155322
1045.000000,8525.101778,6941.655322
1044.000000,8525.101778,6942.155322
1043.000000,8525.101778,6942.655322
1042.000000,8525.101778,6943.155322
1041.000000,8525.101778,6943.655322
1040.000000,8525.101778,6944.155322
1039.000000,8525.101778,6944.655322
1038.000000,8525.101778,6945.155322
1037.000000,8525.101778,6945.655322
1036.000000,8525.101778,6946.155322
1035.000000,8525.101778,6946.655322
1034.000000,8525.101778,6947.155322
1033.000000,8525.101778,6947.655322
1032.000000,8525.101778,6948.155322
1031.000000,8525.101778,6948.655322
1030.000000,8525.101778,6949.155322
1029.000000,8525.101778,6949.655322
1028.000000,8525.101778,6950.155322
1027.000000,8525.101778,6950.655322
1026.000000,8525.101778,6951.155322
1025.000000,8525.101778,6951.655322
1024.000000,8525.101778,6952.155322
1023.000000,8525.101778,6952.655322
1022.000000,8525.101778,6953.155322
1021.000000,8525.101778,6953.655322
1020.000000,8525.101778,6954.155322
999.000000,8524.601778,6940.655322
999.000000,8524.601778,6940.655322
998.000000,8524.601778,6941.155322
997.000000,8524.601778,6941.655322
996.000000,8524.601778,6942.155322
995.000000,8524.601778,6942.655322
994.000000,8524.601778,6943.155322
993.000000,8524.601778,6943.655322
992.000000,8524.601778,6944.155322
991.000000,8524.601778,6944.655322
990.000000,8524.601778,6945.155322
989.000000,8524.601778,6945.655322
988.000000,8524.601778,6946.155322
983.000000,8524.601778,6948.655322
982.000000,8524.601778,6949.155322
981.000000,8524.601778,6949.655322
975.000000,8524.601778,6952.655322
974.000000,8524.601778,6953.155322
973.000000,8524.601778,6953.655322
972.000000,8524.601778,6954.155322
951.000000,8524.101778,6940.655322
951.000000,8524.101778,6940.655322
950.000000,8524.101778,6941.155322
949.000000,8524.101778,6941.655322
948.000000,8524.101778,6942.155322
947.000000,8524.101778,6942.655322
946.000000,8524.101778,6943.155322
945.000000,8524.101778,6943.655322
944.000000,8524.101778,6944.155322
943.000000,8524.101778,6944.655322
942.000000,8524.101778,6945.155322
941.000000,8524.101778,6945.655322
940.000000,8524.101778,6946.155322
935.000000,8524.101778,6948.655322
934.000000,8524.101778,6949.155322
933.000000,8524.101778,6949.655322
927.000000,8524.101778,6952.655322
926.000000,8524.101778,6953.155322
925.000000,8524.101778,6953.655322
924.000000,8524.101778,6954.155322
903.000000,8523.601778,6940.655322
903.000000,8523.601778,6940.655322
902.000000,8523.601778,6941.155322
901.000000,8523.601778,6941.655322
900.000000,8523.601778,6942.155322
899.000000,8523.601778,6942.655322
898.000000,8523.601778,6943.155322
897.000000,8523.601778,6943.655322
896.000000,8523.601778,6944.155322
895.000000,8523.601778,6944.655322
894.000000,8523.601778,6945.155322
893.000000,8523.601778,6945.655322
892.000000,8523.601778,6946.155322
887.000000,8523.601778,6948.655322
886.000000,8523.601778,6949.155322
885.000000,8523.601778,6949.655322
879.000000,8523.601778,6952.655322
878.000000,8523.601778,6953.155322
877.000000,8523.601778,6953.655322
876.000000,8523.601778,6954.155322
855.000000,8523.101778,6940.655322
855.000000,8523.101778,6940.655322
854.000000,8523.101778,6941.155322
853.000000,8523.101778,6941.655322
852.000000,8523.101778,6942.155322
851.000000,8523.101778,6942.655322
850.000000,8523.101778,6943.155322
849.000000,8523.101778,6943.655322
848.000000,8523.101778,6944.155322
847.000000,8523.101778,6944.655322
846.000000,8523.101778,6945.155322
845.000000,8523.101778,6945.655322
844.000000,8523.101778,6946.155322
839.000000,8523.101778,6948.655322
838.000000,8523.101778,6949.155322
837.000000,8523.101778,6949.655322
831.000000,8523.101778,6952.655322
830.000000,8523.101778,6953.155322
829.000000,8523.101778,6953.655322
828.000000,8523.101778,6954.155322
807.000000,8522.601778,6940.655322
807.000000,8522.601778,6940.655322
806.000000,8522.601778,6941.155322
805.000000,8522.601778,6941.655322
804.000000,8522.601778,6942.155322
803.000000,8522.601778,6942.655322
802.000000,8522.601778,6943.155322
801.000000,8522.601778,6943.655322
800.000000,8522.601778,6944.155322
799.000000,8522.601778,6944.655322
798.000000,8522.601778,6945.155322
797.000000,8522.601778,6945.655322
796.000000,8522.601778,6946.155322
791.000000,8522.601778,6948.655322
790.000000,8522.601778,6949.155322
789.000000,8522.601778,6949.655322
783.000000,8522.601778,6952.655322
782.000000,8522.601778,6953.155322
781.000000,8522.601778,6953.655322
780.000000,8522.601778,6954.155322
759.000000,8522.101778,6940.655322
759.000000,8522.101778,6940.655322
758.000000,8522.101778,6941.155322
757.000000,8522.101778,6941.655322
756.000000,8522.101778,6942.155322
755.000000,8522.101778,6942.655322
754.000000,8522.101778,6943.155322
753.000000,8522.101778,6943.655322
752.000000,8522.101778,6944.155322
751.000000,8522.101778,6944.655322
750.000000,8522.101778,6945.155322
749.000000,8522.101778,6945.655322
748.000000,8522.101778,6946.155322
743.000000,8522.101778,6948.655322
742.000000,8522.101778,6949.155322
741.000000,8522.101778,6949.655322
735.000000,8522.101778,6952.655322
734.000000,8522.101778,6953.155322
733.000000,8522.101778,6953.655322
732.000000,8522.101778,6954.155322
719.000000,8521.601778,6936.655322
718.000000,8521.601778,6937.155322
717.000000,8521.601778,6937.655322
716.000000,8521.601778,6938.155322
715.000000,8521.601778,6938.655322
714.000000,8521.601778,6939.155322
713.000000,8521.601778,6939.655322
712.000000,8521.601778,6940.155322
711.000000,8521.601778,6940.655322
710.000000,8521.601778,6941.155322
709.000000,8521.601778,6941.655322
708.000000,8521.601778,6942.155322
707.000000,8521.601778,6942.655322
706.000000,8521.601778,6943.155322
705.000000,8521.601778,6943.655322
704.000000,8521.601778,6944.155322
703.000000,8521.601778,6944.655322
702.000000,8521.601778,6945.155322
701.000000,8521.601778,6945.655322
700.000000,8521.601778,6946.155322
695.000000,8521.601778,6948.655322
694.000000,8521.601778,6949.155322
693.000000,8521.601778,6949.655322
687.000000,8521.601778,6952.655322
686.000000,8521.601778,6953.155322
685.000000,8521.601778,6953.655322
684.000000,8521.601778,6954.155322
671.000000,8521.101778,6936.655322
670.000000,8521.101778,6937.155322
669.000000,8521.101778,6937.655322
668.000000,8521.101778,6938.155322
667.000000,8521.101778,6938.655322
666.000000,8521.101778,6939.155322
665.000000,8521.101778,6939.655322
664.000000,8521.101778,6940.155322
663.000000,8521.101778,6940.655322
662.000000,8521.101778,6941.155322
661.000000,8521.101778,6941.655322
660.000000,8521.101778,6942.155322
659.000000,8521.101778,6942.655322
658.000000,8521.101778,6943.155322
657.000000,8521.101778,6943.655322
656.000000,8521.101778,6944.155322
655.000000,8521.101778,6944.655322
654.000000,8521.101778,6945.155322
653.000000,8521.101778,6945.655322
652.000000,8521.101778,6946.155322
647.000000,8521.101778,6948.655322
646.000000,8521.101778,6949.155322
645.000000,8521.101778,6949.655322
639.000000,8521.101778,6952.655322
638.000000,8521.101778,6953.155322
637.000000,8521.101778,6953.655322
636.000000,8521.101778,6954.155322
623.000000,8520.601778,6936.655322
622.000000,8520.601778,6937.155322
621.000000,8520.601778,6937.655322
620.000000,8520.601778,6938.155322
619.000000,8520.601778,6938.655322
618.000000,8520.601778,6939.155322
617.000000,8520.601778,6939.655322
616.000000,8520.601778,6940.155322
615.000000,8520.601778,6940.655322
614.000000,8520.601778,6941.155322
613.000000,8520.601778,6941.655322
612.000000,8520.601778,6942.155322
611.000000,8520.601778,6942.655322
610.000000,8520.601778,6943.155322
609.000000,8520.601778,6943.655322
608.000000,8520.601778,6944.155322
607.000000,8520.601778,6944.655322
606.000000,8520.601778,6945.155322
605.000000,8520.601778,6945.655322
604.000000,8520.601778,6946.155322
603.000000,8520.601778,6946.655322
602.000000,8520.601778,6947.155322
601.000000,8520.601778,6947.655322
600.000000,8520.601778,6948.155322
599.000000,8520.601778,6948.655322
598.000000,8520.601778,6949.155322
597.000000,8520.601778,6949.655322
596.000000,8520.601778,6950.155322
595.000000,8520.601778,6950.655322
594.000000,8520.601778,6951.155322
593.000000,8520.601778,6951.655322
592.000000,8520.601778,6952.155322
591.000000,8520.601778,6952.655322
590.000000,8520.601778,6953.155322
589.000000,8520.601778,6953.655322
588.000000,8520.601778,6954.155322
575.000000,8520.101778,6936.655322
574.000000,8520.101778,6937.155322
573.000000,8520.101778,6937.655322
572.000000,8520.101778,6938.155322
571.000000,8520.101778,6938.655322
570.000000,8520.101778,6939.155322
569.000000,8520.101778,6939.655322
568.000000,8520.101778,6940.155322
567.000000,8520.101778,6940.655322
566.000000,8520.101778,6941.155322
565.000000,8520.101778,6941.655322
564.000000,8520.101778,6942.155322
563.000000,8520.101778,6942.655322
562.000000,8520.101778,6943.155322
561.000000,8520.101778,6943.655322
560.000000,8520.101778,6944.155322
559.000000,8520.101778,6944.655322
558.000000,8520.101778,6945.155322
557.000000,8520.101778,6945.655322
556.000000,8520.101778,6946.155322
555.000000,8520.101778,6946.655322
554.000000,8520.101778,6947.155322
553.000000,8520.101778,6947.655322
552.000000,8520.101778,6948.155322
551.000000,8520.101778,6948.655322
550.000000,8520.101778,6949.155322
549.000000,8520.101778,6949.655322
548.000000,8520.101778,6950.155322
547.000000,8520.101778,6950.655322
546.000000,8520.101778,6951.155322
545.000000,8520.101778,6951.655322
544.000000,8520.101778,6952.155322
543.000000,8520.101778,6952.655322
542.000000,8520.101778,6953.155322
541.000000,8520.101778,6953.655322
540.000000,8520.101778,6954.155322
527.000000,8519.601778,6936.655322
526.000000,8519.601778,6937.155322
525.000000,8519.601778,6937.655322
524.000000,8519.601778,6938.155322
523.000000,8519.601778,6938.655322
522.000000,8519.601778,6939.155322
521.000000,8519.601778,6939.655322
520.000000,8519.601778,6940.155322
519.000000,8519.601778,6940.655322
518.000000,8519.601778,6941.155322
517.000000,8519.601778,6941.655322
516.000000,8519.601778,6942.155322
515.000000,8519.601778,6942.655322
514.000000,8519.601778,6943.155322
513.000000,8519.601778,6943.655322
512.000000,8519.601778,6944.155322
511.000000,8519.601778,6944.655322
510.000000,8519.601778,6945.155322
509.000000,8519.601778,6945.655322
508.000000,8519.601778,6946.155322
507.000000,8519.601778,6946.655322
506.000000,8519.601778,6947.155322
505.000000,8519.601778,6947.655322
504.000000,8519.601778,6948.155322
503.000000,8519.601778,6948.655322
502.000000,8519.601778,6949.155322
501.000000,8519.601778,6949.655322
500.000000,8519.601778,6950.155322
499.000000,8519.601778,6950.655322
498.000000,8519.601778,6951.155322
497.000000,8519.601778,6951.655322
496.000000,8519.601778,6952.155322
495.000000,8519.601778,6952.655322
494.000000,8519.601778,6953.155322
493.000000,8519.601778,6953.655322
492.000000,8519.601778,6954.155322
479.000000,8519.101778,6936.655322
478.000000,8519.101778,6937.155322
477.000000,8519.101778,6937.655322
476.000000,8519.101778,6938.155322
475.000000,8519.101778,6938.655322
474.000000,8519.101778,6939.155322
473.000000,8519.101778,6939.655322
472.000000,8519.101778,6940.155322
471.000000,8519.101778,6940.655322
470.000000,8519.101778,6941.155322
469.000000,8519.101778,6941.655322
468.000000,8519.101778,6942.155322
467.000000,8519.101778,6942.655322
466.000000,8519.101778,6943.155322
465.000000,8519.101778,6943.655322
464.000000,8519.101778,6944.155322
463.000000,8519.101778,6944.655322
462.000000,8519.101778,6945.155322
461.000000,8519.101778,6945.655322
460.000000,8519.101778,6946.155322
459.000000,8519.101778,6946.655322
458.000000,8519.101778,6947.155322
457.000000,8519.101778,6947.655322
456.000000,8519.101778,6948.155322
455.000000,8519.101778,6948.655322
454.000000,8519.101778,6949.155322
453.000000,8519.101778,6949.655322
407.000000,8518.601778,6948.655322
406.000000,8518.601778,6949.155322
405.000000,8518.601778,6949.655322
359.000000,8518.101778,6948.655322
358.000000,8518.101778,6949.155322
357.000000,8518.101778,6949.655322
311.000000,8517.601778,6948.655322
310.000000,8517.601778,6949.155322
309.000000,8517.601778,6949.655322
263.000000,8517.101778,6948.655322
262.000000,8517.101778,6949.155322
261.000000,8517.101778,6949.655322
215.000000,8516.601778,6948.655322
214.000000,8516.601778,6949.155322
213.000000,8516.601778,6949.655322
167.000000,8516.101778,6948.655322
166.000000,8516.101778,6949.155322
165.000000,8516.101778,6949.655322
119.000000,8515.601778,6948.655322
118.000000,8515.601778,6949.155322
117.000000,8515.601778,6949.655322
