0.117247,0.113693,0.117227,0.115555,0.226776,12,573,900,-1,0.1380996
0.265831,0.376594,0.484578,0.364887,0.278994,25,573,605,-1,0.3541768
0,0,0,0,0,-999,573,1082,-1,0
0.368155,0.274829,0.382856,0.285618,0.516808,29,573,790,-1,0.3656532
0.509992,0.393631,0.399958,0.393502,0.382511,33,573,598,-1,0.4159188
0.47963,0.35444,0.669869,0.696133,0.478146,34,573,1021,-1,0.5356436
0.605059,0.405252,0.286397,0.497602,0.277382,38,573,1702,-1,0.4143384
0.790529,0.796689,0.574432,0.562158,0.771086,75,573,2430,-1,0.6989788
0.490038,0.382876,0.494062,0.487928,0.4855,67,573,2862,-1,0.4680808
0.625131,0.447206,0.3424,0.541569,0.40737,57,573,2614,-1,0.4727352
0.537516,0.60356,0.605148,0.492041,0.61472,74,573,2413,-1,0.570597
0.434397,0.601141,0.611108,0.506508,0.716966,67,573,2845,-1,0.574024
0.61042,0.615813,0.512606,0.501553,0.405211,90,573,4016,-1,0.5291206
0.47748,0.694353,0.59056,0.486443,0.484909,97,573,4449,-1,0.546749
0.547915,0.440451,0.392952,0.382378,0.345976,91,573,4246,-1,0.4219344
0.677214,0.450131,0.757656,0.351643,0.567912,109,573,5110,-1,0.5609112
0.678211,0.640747,0.485246,0.462609,0.675176,109,573,4858,-1,0.5883978
0.732607,0.637661,0.642201,0.636448,0.757479,113,573,5338,-1,0.6812792
0.956415,0.952813,0.733569,0.940867,0.938409,130,573,6151,-1,0.9044146
0.472009,0.368851,0.398101,0.499638,0.474784,129,573,6070,-1,0.4426766
0.652322,0.763738,0.436701,0.448229,0.668057,129,573,5888,-1,0.5938094
0.590542,0.649537,0.528736,0.736025,0.619729,134,573,6320,-1,0.6249138
0.138576,0.12833,0.115805,0.116733,0.217356,12,900,573,-1,0.14336
0.190312,0.192024,0.417269,0.181707,0.193174,15,900,605,-1,0.2348972
0,0,0,0,0,-999,900,1082,-1,0
0.22561,0.267067,0.282148,0.27454,0.390478,19,900,790,-1,0.2879686
0.395377,0.381199,0.276008,0.263132,0.383119,23,900,598,-1,0.339767
0.481872,0.376255,0.598968,0.368074,0.370615,24,900,1021,-1,0.4391568
0.380601,0.303565,0.278913,0.275656,0.27953,28,900,1702,-1,0.303653
0.528575,0.636101,0.625167,0.61947,0.544274,65,900,2430,-1,0.5907174
0.396983,0.444019,0.318133,0.525784,0.414058,57,900,2862,-1,0.4197954
0.215434,0.227473,0.227698,0.217283,0.22697,47,900,2614,-1,0.2229716
0.60071,0.487804,0.43578,0.533158,0.403245,64,900,2413,-1,0.4921394
0.424832,0.328462,0.417414,0.320403,0.430298,57,900,2845,-1,0.3842818
0.42604,0.341286,0.425603,0.323934,0.331517,80,900,4016,-1,0.369676
0.400974,0.716688,0.39451,0.393793,0.619287,87,900,4449,-1,0.5050504
0.252804,0.255621,0.268828,0.381527,0.376765,81,900,4246,-1,0.307109
0.27478,0.483202,0.393688,0.268061,0.380429,99,900,5110,-1,0.360032
0.400198,0.490661,0.598843,0.405732,0.403238,99,900,4858,-1,0.4597344
0.555208,0.557881,0.655559,0.592633,0.591778,103,900,5338,-1,0.5906118
0.587203,0.659717,0.772041,0.759252,0.66325,120,900,6151,-1,0.6882926
0.291748,0.520966,0.288569,0.504895,0.401911,119,900,6070,-1,0.4016178
0.656142,0.508135,0.433186,0.369997,0.578847,119,900,5888,-1,0.5092614
0.64517,0.548425,0.543598,0.659728,0.559897,124,900,6320,-1,0.5913636
0.520985,0.379094,0.399764,0.288916,0.284648,27,605,573,-1,0.3746814
0.300855,0.191997,0.289251,0.401311,0.299167,16,605,900,-1,0.2965162
0,0,0,0,0,-999,605,1082,-1,0
0.22858,0.225037,0.229949,0.117957,0.120881,11,605,790,-1,0.1844808
0.111273,0.118097,0.218673,0.11776,0.127834,8,605,598,-1,0.1387274
0.201664,0.204912,0.33641,0.220836,0.230444,22,605,1021,-1,0.2388532
0.236034,0.251317,0.246334,0.132451,0.138869,30,605,1702,-1,0.201001
0.309001,0.408598,0.521382,0.420156,0.338065,69,605,2430,-1,0.3994404
0.359052,0.440401,0.446167,0.342314,0.335453,61,605,2862,-1,0.3846774
0.265542,0.153962,0.161999,0.188121,0.158205,49,605,2614,-1,0.1855658
0.437106,0.447862,0.537181,0.338097,0.344853,68,605,2413,-1,0.4210198
0.482525,0.26369,0.262321,0.363036,0.261009,61,605,2845,-1,0.3265162
0.361968,0.699646,0.284103,0.284071,0.276156,84,605,4016,-1,0.3811888
0.44029,0.329044,0.33496,0.663006,0.444591,89,605,4449,-1,0.4423782
0.187422,0.209547,0.203771,0.189942,0.195289,83,605,4246,-1,0.1971942
0.194812,0.20083,0.303747,0.421204,0.202456,101,605,5110,-1,0.2646098
0.424144,0.324727,0.318664,0.325356,0.433907,103,605,4858,-1,0.3653596
0.495128,0.405374,0.412089,0.514501,0.507001,107,605,5338,-1,0.4668186
0.484194,0.703225,0.59237,0.496138,0.612249,124,605,6151,-1,0.5776352
0.248808,0.234756,0.221827,0.219808,0.221715,121,605,6070,-1,0.2293828
0.422222,0.30546,0.408315,0.40662,0.514435,123,605,5888,-1,0.4114104
0.594419,0.400968,0.487012,0.477554,0.36491,127,605,6320,-1,0.4649726
0,0,0,0,0,-999,1082,573,-1,0
0,0,0,0,0,-999,1082,900,-1,0
0,0,0,0,0,-999,1082,605,-1,0
0,0,0,0,0,-999,1082,790,-1,0
0,0,0,0,0,-999,1082,598,-1,0
0,0,0,0,0,-999,1082,1021,-1,0
0,0,0,0,0,-999,1082,1702,-1,0
0,0,0,0,0,-999,1082,2430,-1,0
0,0,0,0,0,-999,1082,2862,-1,0
0,0,0,0,0,-999,1082,2614,-1,0
0,0,0,0,0,-999,1082,2413,-1,0
0,0,0,0,0,-999,1082,2845,-1,0
0,0,0,0,0,-999,1082,4016,-1,0
0,0,0,0,0,-999,1082,4449,-1,0
0,0,0,0,0,-999,1082,4246,-1,0
0,0,0,0,0,-999,1082,5110,-1,0
0,0,0,0,0,-999,1082,4858,-1,0
0,0,0,0,0,-999,1082,5338,-1,0
0,0,0,0,0,-999,1082,6151,-1,0
0,0,0,0,0,-999,1082,6070,-1,0
0,0,0,0,0,-999,1082,5888,-1,0
0,0,0,0,0,-999,1082,6320,-1,0
0.284975,0.38791,0.606819,0.400087,0.310223,29,790,573,-1,0.3980028
0.224175,0.208045,0.19639,0.296567,0.194825,19,790,900,-1,0.2240004
0.20157,0.196653,0.195089,0.310484,0.313265,18,790,605,-1,0.2434122
0,0,0,0,0,-999,790,1082,-1,0
0,0,0,0,0,-999,790,598,-1,0
0.116758,0.120396,0.115887,0.33537,0.116276,13,790,1021,-1,0.1609374
0,0,0,0,0,-999,790,1702,-1,0
0.154449,0.148354,0.145281,0.161627,0.157357,39,790,2430,-1,0.1534136
0.282785,0.272281,0.156858,0.157339,0.350383,52,790,2862,-1,0.2439292
0,0,0,0,0,-999,790,2614,-1,0
0.146748,0.253578,0.148945,0.167421,0.161156,40,790,2413,-1,0.1755696
0.163744,0.268382,0.155502,0.277059,0.16314,52,790,2845,-1,0.2055654
0.180253,0.400655,0.180584,0.181181,0.181804,75,790,4016,-1,0.2248954
0.189438,0.303017,0.297461,0.189385,0.192061,85,790,4449,-1,0.2342724
0,0,0,0,0,-999,790,4246,-1,0
0,0,0,0,0,-999,790,5110,-1,0
0.314011,0.209564,0.313833,0.21019,0.323372,94,790,4858,-1,0.274194
0.323243,0.248429,0.349109,0.268565,0.316447,106,790,5338,-1,0.3011586
0.305508,0.31641,0.337251,0.505289,0.464401,118,790,6151,-1,0.3857718
0,0,0,0,0,-999,790,6070,-1,0
0.348849,0.451264,0.348337,0.343636,0.342638,114,790,5888,-1,0.3669448
0.579284,0.354176,0.460171,0.364958,0.463456,123,790,6320,-1,0.444409
0.525024,0.404962,0.421387,0.412181,0.432315,34,598,573,-1,0.4391738
0.495735,0.377309,0.288678,0.278299,0.246065,23,598,900,-1,0.3372172
0.193095,0.402906,0.218334,0.224806,0.42527,22,598,605,-1,0.2928822
0,0,0,0,0,-999,598,1082,-1,0
0,0,0,0,0,-999,598,790,-1,0
0.122341,0.127338,0.120444,0.124251,0.124208,17,598,1021,-1,0.1237164
0,0,0,0,0,-999,598,1702,-1,0
0.24924,0.151953,0.369987,0.257001,0.150462,43,598,2430,-1,0.2357286
0.161436,0.160935,0.259449,0.283515,0.166591,56,598,2862,-1,0.2063852
0,0,0,0,0,-999,598,2614,-1,0
0.20465,0.149827,0.146785,0.153401,0.146861,44,598,2413,-1,0.1603048
0.159738,0.264372,0.162011,0.161405,0.168676,56,598,2845,-1,0.1832404
0.184307,0.287079,0.206063,0.210366,0.301953,79,598,4016,-1,0.2379536
0.205119,0.202569,0.204732,0.202921,0.309259,89,598,4449,-1,0.22492
0,0,0,0,0,-999,598,4246,-1,0
0,0,0,0,0,-999,598,5110,-1,0
0.318355,0.214109,0.204342,0.21218,0.206519,98,598,4858,-1,0.231101
0.220503,0.223572,0.432596,0.318864,0.21765,110,598,5338,-1,0.282637
0.524539,0.437279,0.419553,0.455986,0.379496,122,598,6151,-1,0.4433706
0,0,0,0,0,-999,598,6070,-1,0
0.225098,0.225427,0.225436,0.330396,0.329857,118,598,5888,-1,0.2672428
0.240003,0.239276,0.344171,0.250611,0.236647,127,598,6320,-1,0.2621416
0.690538,0.590969,0.359089,0.449595,0.358118,35,1021,573,-1,0.4896618
0.489453,0.473249,0.377817,0.398083,0.274129,25,1021,900,-1,0.4025462
0.279356,0.375556,0.372542,0.276431,0.265617,24,1021,605,-1,0.3139004
0,0,0,0,0,-999,1021,1082,-1,0
0.223608,0.227433,0.246106,0.132031,0.24162,14,1021,790,-1,0.2141596
0.121819,0.228025,0.230947,0.235673,0.229097,18,1021,598,-1,0.2091122
0.34002,0.231838,0.126077,0.233668,0.127231,23,1021,1702,-1,0.2117668
0.32689,0.245389,0.237996,0.325306,0.347263,39,1021,2430,-1,0.2965688
0.248851,0.360744,0.348642,0.25238,0.24493,52,1021,2862,-1,0.2911094
0.360632,0.156012,0.150277,0.153317,0.156127,42,1021,2614,-1,0.195273
0.321408,0.313,0.317185,0.216473,0.216202,40,1021,2413,-1,0.2768536
0.230149,0.333674,0.22688,0.337302,0.228489,52,1021,2845,-1,0.2712988
0.289207,0.306209,0.307147,0.282798,0.484838,75,1021,4016,-1,0.3340398
0.300601,0.297268,0.397564,0.293833,0.306474,85,1021,4449,-1,0.319148
0.179496,0.179069,0.273951,0.213622,0.203782,76,1021,4246,-1,0.209984
0.318702,0.293527,0.201226,0.193256,0.195596,94,1021,5110,-1,0.2404614
0.274361,0.482795,0.382942,0.37382,0.365784,94,1021,4858,-1,0.3759404
0.345308,0.343343,0.456029,0.452665,0.334533,98,1021,5338,-1,0.3863756
0.453649,0.547721,0.647559,0.543466,0.555151,115,1021,6151,-1,0.5495092
0.245544,0.345135,0.235116,0.217718,0.223488,114,1021,6070,-1,0.2534002
0.346794,0.346748,0.556519,0.463116,0.351447,114,1021,5888,-1,0.4129248
0.518887,0.427334,0.545707,0.857468,0.527752,118,1021,6320,-1,0.5754296
0.406136,0.294858,0.296667,0.389436,0.487198,36,1702,573,-1,0.374859
0.307811,0.399395,0.221536,0.429099,0.206543,27,1702,900,-1,0.3128768
0.298382,0.31806,0.316149,0.204498,0.313573,25,1702,605,-1,0.2901324
0,0,0,0,0,-999,1702,1082,-1,0
0,0,0,0,0,-999,1702,790,-1,0
0,0,0,0,0,-999,1702,598,-1,0
0.236348,0.230421,0.134172,0.232085,0.122148,20,1702,1021,-1,0.1910348
0.126538,0.224723,0.124544,0.240992,0.130159,20,1702,2430,-1,0.1693912
0.142436,0.241894,0.138626,0.139235,0.250258,33,1702,2862,-1,0.1824898
0,0,0,0,0,-999,1702,2614,-1,0
0.124381,0.231089,0.236096,0.124571,0.126475,21,1702,2413,-1,0.1685224
0.138473,0.143002,0.137574,0.34146,0.240551,33,1702,2845,-1,0.200212
0.163483,0.162195,0.167527,0.263946,0.273475,56,1702,4016,-1,0.2061252
0.172095,0.17502,0.285926,0.176574,0.173712,66,1702,4449,-1,0.1966654
0,0,0,0,0,-999,1702,4246,-1,0
0,0,0,0,0,-999,1702,5110,-1,0
0.403335,0.286581,0.283754,0.291083,0.284815,75,1702,4858,-1,0.3099136
0.197172,0.211956,0.214914,0.199472,0.193602,87,1702,5338,-1,0.2034232
0.293151,0.380729,0.289437,0.296415,0.408671,99,1702,6151,-1,0.3336806
0,0,0,0,0,-999,1702,6070,-1,0
0.209203,0.200019,0.202729,0.205181,0.309255,95,1702,5888,-1,0.2252774
0.213791,0.212963,0.208937,0.211745,0.20886,104,1702,6320,-1,0.2112592
0.375783,0.477728,0.590408,0.372163,0.428308,55,2430,573,-1,0.448878
0.329401,0.397609,0.421465,0.294515,0.29822,46,2430,900,-1,0.348242
0.509874,0.293267,0.291953,0.402821,0.436905,44,2430,605,-1,0.386964
0,0,0,0,0,-999,2430,1082,-1,0
0.152063,0.149131,0.152317,0.256032,0.254041,42,2430,790,-1,0.1927168
0.146015,0.148525,0.256858,0.146353,0.260616,46,2430,598,-1,0.1916734
0.228304,0.44015,0.223699,0.233536,0.327461,39,2430,1021,-1,0.29063
0.234528,0.125768,0.133534,0.125363,0.126762,23,2430,1702,-1,0.149191
0.128201,0.127416,0.214814,0.121069,0.127773,10,2430,2862,-1,0.1438546
0.13158,0.154261,0.224082,0.222997,0.114348,12,2430,2614,-1,0.1694536
0.303851,0.198892,0.392335,0.296985,0.186385,18,2430,2413,-1,0.2756896
0.201064,0.225775,0.318448,0.306713,0.2053,24,2430,2845,-1,0.25146
0.230631,0.228432,0.224876,0.532412,0.22731,47,2430,4016,-1,0.2887322
0.236292,0.345925,0.232446,0.233933,0.232321,57,2430,4449,-1,0.2561834
0.154535,0.262678,0.156028,0.156629,0.247595,46,2430,4246,-1,0.195493
0.168638,0.370636,0.16968,0.165733,0.175081,64,2430,5110,-1,0.2099536
0.270899,0.270125,0.380761,0.407032,0.27066,66,2430,4858,-1,0.3198954
0.546131,0.549223,0.336548,0.340257,0.362377,70,2430,5338,-1,0.4269072
0.747087,0.603618,0.623369,0.431998,0.436469,87,2430,6151,-1,0.5685082
0.189512,0.194942,0.192658,0.183141,0.189439,84,2430,6070,-1,0.1899384
0.264146,0.265789,0.371257,0.262488,0.309979,86,2430,5888,-1,0.2947318
0.339338,0.440265,0.438471,0.333024,0.448807,90,2430,6320,-1,0.399981
0.496355,0.606244,0.608679,0.523944,0.632071,68,2862,573,-1,0.5734586
0.409416,0.415856,0.415889,0.525118,0.421077,59,2862,900,-1,0.4374712
0.529097,0.405601,0.344488,0.426054,0.298732,57,2862,605,-1,0.4007944
0,0,0,0,0,-999,2862,1082,-1,0
0.164543,0.167385,0.159161,0.267533,0.159297,53,2862,790,-1,0.1835838
0.173313,0.163482,0.28348,0.160225,0.162495,57,2862,598,-1,0.188599
0.248072,0.255139,0.359081,0.472466,0.366069,52,2862,1021,-1,0.3401654
0.148853,0.249073,0.14147,0.142797,0.14167,34,2862,1702,-1,0.1647726
0.215112,0.12159,0.147464,0.245314,0.131371,10,2862,2430,-1,0.1721702
0.129065,0.121002,0.218697,0.230057,0.124228,15,2862,2614,-1,0.1646098
0.3019,0.20932,0.322259,0.209205,0.408676,25,2862,2413,-1,0.290272
0.226952,0.330674,0.219474,0.302909,0.291196,18,2862,2845,-1,0.274241
0.207183,0.210664,0.347011,0.217644,0.325042,34,2862,4016,-1,0.2615088
0.431924,0.221361,0.529891,0.223775,0.435267,44,2862,4449,-1,0.3684436
0.250498,0.205402,0.195733,0.201566,0.304985,35,2862,4246,-1,0.2316368
0.336978,0.263737,0.273981,0.25439,0.223366,53,2862,5110,-1,0.2704904
0.453049,0.359369,0.35932,0.49035,0.360816,53,2862,4858,-1,0.4045808
0.689023,0.467311,0.683538,0.453475,0.569159,57,2862,5338,-1,0.5725012
0.596939,0.592747,0.583777,0.702006,0.786328,74,2862,6151,-1,0.6523594
0.183591,0.277004,0.394313,0.283474,0.172763,73,2862,6070,-1,0.262229
0.257443,0.303082,0.263809,0.247499,0.462971,73,2862,5888,-1,0.3069608
0.417662,0.530982,0.320226,0.535917,0.327888,77,2862,6320,-1,0.426535
0.421616,0.34569,0.328112,0.411781,0.410634,55,2614,573,-1,0.3835666
0.220256,0.333728,0.226885,0.2317,0.231602,46,2614,900,-1,0.2488342
0.226502,0.224794,0.231811,0.328914,0.223723,44,2614,605,-1,0.2471488
0,0,0,0,0,-999,2614,1082,-1,0
0,0,0,0,0,-999,2614,790,-1,0
0,0,0,0,0,-999,2614,598,-1,0
0.142649,0.14566,0.15063,0.16429,0.161659,39,2614,1021,-1,0.1529776
0,0,0,0,0,-999,2614,1702,-1,0
0.116556,0.120082,0.325181,0.225949,0.219324,11,2614,2430,-1,0.2014184
0.123582,0.232786,0.221966,0.137185,0.330442,14,2614,2862,-1,0.2091922
0.232017,0.231817,0.118848,0.117172,0.218111,12,2614,2413,-1,0.183593
0.121013,0.126601,0.225114,0.219933,0.119637,14,2614,2845,-1,0.1624596
0.141532,0.140441,0.141142,0.242999,0.143097,37,2614,4016,-1,0.1618422
0.368421,0.266062,0.150704,0.152584,0.155571,47,2614,4449,-1,0.2186684
0,0,0,0,0,-999,2614,4246,-1,0
0,0,0,0,0,-999,2614,5110,-1,0
0.270806,0.187683,0.161094,0.179715,0.161916,56,2614,4858,-1,0.1922428
0.172504,0.175984,0.178698,0.186572,0.28465,68,2614,5338,-1,0.1996816
0.280073,0.379827,0.382641,0.275054,0.287499,80,2614,6151,-1,0.3210188
0,0,0,0,0,-999,2614,6070,-1,0
0.300858,0.295765,0.192297,0.186235,0.297916,76,2614,5888,-1,0.2546142
0.210798,0.201257,0.327144,0.405713,0.195686,85,2614,6320,-1,0.2681196
0.698738,0.6124,0.493762,0.389057,0.392391,56,2413,573,-1,0.5172696
0.416596,0.30039,0.400704,0.410758,0.52975,47,2413,900,-1,0.4116396
0.426892,0.331887,0.398999,0.415567,0.41312,45,2413,605,-1,0.397293
0,0,0,0,0,-999,2413,1082,-1,0
0.255241,0.246558,0.156017,0.148946,0.166989,43,2413,790,-1,0.1947502
0.14826,0.363879,0.151619,0.149002,0.147886,47,2413,598,-1,0.1921292
0.215424,0.314497,0.330858,0.216923,0.210523,40,2413,1021,-1,0.257645
0.130516,0.234443,0.134273,0.255414,0.130522,24,2413,1702,-1,0.1770336
0.303346,0.197846,0.200228,0.191441,0.29602,18,2413,2430,-1,0.2377762
0.211252,0.318442,0.303642,0.343478,0.346188,25,2413,2862,-1,0.3046004
0.126006,0.233408,0.117192,0.216715,0.224089,13,2413,2614,-1,0.183482
0.116779,0.12248,0.121675,0.231372,0.122327,10,2413,2845,-1,0.1429266
0.231263,0.351129,0.269083,0.26958,0.236135,48,2413,4016,-1,0.271438
0.360181,0.252833,0.464355,0.348574,0.246825,58,2413,4449,-1,0.3345536
0.263422,0.262144,0.265676,0.154679,0.154214,47,2413,4246,-1,0.220027
0.176155,0.264745,0.284912,0.174554,0.173505,65,2413,5110,-1,0.2147742
0.242379,0.23866,0.357089,0.242691,0.355399,67,2413,4858,-1,0.2872436
0.419017,0.418225,0.454667,0.342919,0.35583,71,2413,5338,-1,0.3981316
0.52286,0.4174,0.516018,0.523721,0.615214,88,2413,6151,-1,0.5190426
0.187745,0.190216,0.341617,0.208974,0.192671,85,2413,6070,-1,0.2242446
0.304409,0.411691,0.299257,0.298126,0.301357,87,2413,5888,-1,0.322968
0.476179,0.366006,0.366868,0.475879,0.496582,91,2413,6320,-1,0.4363028
0.729007,0.39563,0.528322,0.403516,0.60277,68,2845,573,-1,0.531849
0.31898,0.317573,0.530876,0.596454,0.556469,59,2845,900,-1,0.4640704
0.420438,0.313839,0.529213,0.417469,0.427452,57,2845,605,-1,0.4216822
0,0,0,0,0,-999,2845,1082,-1,0
0.164094,0.15942,0.16332,0.150532,0.151918,53,2845,790,-1,0.1578568
0.165348,0.164628,0.165978,0.158078,0.166219,57,2845,598,-1,0.1640502
0.34076,0.229612,0.229126,0.223161,0.427301,52,2845,1021,-1,0.289992
0.141065,0.143976,0.134708,0.140412,0.138238,34,2845,1702,-1,0.1396798
0.206354,0.204607,0.203736,0.205765,0.214059,24,2845,2430,-1,0.2069042
0.195948,0.290246,0.298007,0.230185,0.232477,18,2845,2862,-1,0.2493726
0.140852,0.127695,0.130164,0.245876,0.124996,15,2845,2614,-1,0.1539166
0.111591,0.1119,0.11288,0.327166,0.111005,10,2845,2413,-1,0.1549084
0.21434,0.53711,0.232763,0.231428,0.325118,35,2845,4016,-1,0.3081518
0.232986,0.227262,0.241842,0.325857,0.234857,45,2845,4449,-1,0.2525608
0.146072,0.347655,0.390845,0.143281,0.262,37,2845,4246,-1,0.2579706
0.162023,0.167575,0.163243,0.164693,0.377572,55,2845,5110,-1,0.2070212
0.236481,0.331789,0.332968,0.233408,0.229286,54,2845,4858,-1,0.2727864
0.394545,0.52261,0.317457,0.329465,0.356281,58,2845,5338,-1,0.3840716
0.624633,0.719055,0.39372,0.602192,0.517608,75,2845,6151,-1,0.5714416
0.181221,0.202332,0.181949,0.207857,0.175053,75,2845,6070,-1,0.1896824
0.270248,0.37492,0.392543,0.381914,0.375578,74,2845,5888,-1,0.3590406
0.453807,0.349262,0.55233,0.456979,0.448782,78,2845,6320,-1,0.452232
0.537747,0.506631,0.518187,0.403158,0.627141,90,4016,573,-1,0.5185728
0.334118,0.322888,0.420787,0.346542,0.377037,81,4016,900,-1,0.3602744
0.437217,0.641414,0.425279,0.422805,0.438284,79,4016,605,-1,0.4729998
0,0,0,0,0,-999,4016,1082,-1,0
0.186186,0.188558,0.286229,0.179696,0.206624,77,4016,790,-1,0.2094586
0.179947,0.180186,0.287694,0.186018,0.180415,81,4016,598,-1,0.202852
0.391844,0.498688,0.281096,0.270774,0.388863,74,4016,1021,-1,0.366253
0.160789,0.165147,0.164809,0.276426,0.163909,58,4016,1702,-1,0.186216
0.220883,0.342561,0.220955,0.221448,0.328119,46,4016,2430,-1,0.2667932
0.22229,0.244837,0.242509,0.344298,0.205891,35,4016,2862,-1,0.251965
0.243095,0.143455,0.138503,0.140157,0.140189,39,4016,2614,-1,0.1610798
0.231101,0.549387,0.234796,0.359348,0.261174,47,4016,2413,-1,0.3271612
0.32791,0.216818,0.321404,0.220251,0.222051,36,4016,2845,-1,0.2616868
0.11988,0.118687,0.120396,0.114491,0.113146,10,4016,4449,-1,0.11732
0.218623,0.232124,0.23472,0.120407,0.216512,15,4016,4246,-1,0.2044772
0.133387,0.245569,0.139181,0.138009,0.134169,33,4016,5110,-1,0.158063
0.437398,0.317143,0.225077,0.2188,0.321316,34,4016,4858,-1,0.3039468
0.31635,0.318661,0.538224,0.296809,0.294923,38,4016,5338,-1,0.3529934
0.599429,0.507006,0.495716,0.48646,0.518989,55,4016,6151,-1,0.52152
0.26632,0.165438,0.157042,0.15451,0.152401,53,4016,6070,-1,0.1791422
0.338461,0.228319,0.237881,0.236784,0.230793,54,4016,5888,-1,0.2544476
0.403746,0.396288,0.410051,0.411719,0.508836,58,4016,6320,-1,0.426128
0.414292,0.419922,0.633737,0.521637,0.634856,101,4449,573,-1,0.5248888
0.464679,0.44982,0.379115,0.363601,0.440348,92,4449,900,-1,0.4195126
0.436029,0.533372,0.443612,0.437118,0.3375,90,4449,605,-1,0.4375262
0,0,0,0,0,-999,4449,1082,-1,0
0.197221,0.31469,0.185972,0.200571,0.290099,87,4449,790,-1,0.2377106
0.289788,0.29284,0.285691,0.508382,0.293803,91,4449,598,-1,0.3341008
0.439392,0.548089,0.768529,0.533963,0.429787,85,4449,1021,-1,0.543952
0.252602,0.365726,0.360383,0.360661,0.362005,68,4449,1702,-1,0.3402754
0.344201,0.325179,0.33069,0.339796,0.342752,57,4449,2430,-1,0.3365236
0.335071,0.334086,0.541476,0.310136,0.312291,46,4449,2862,-1,0.366612
0.160529,0.159116,0.160615,0.152744,0.153441,49,4449,2614,-1,0.157289
0.252021,0.254919,0.250634,0.463107,0.25365,58,4449,2413,-1,0.2948662
0.241741,0.341725,0.334281,0.235164,0.330788,47,4449,2845,-1,0.2967398
0.111994,0.121774,0.123446,0.125208,0.119824,10,4449,4016,-1,0.1204492
0.147942,0.118045,0.239155,0.220163,0.115619,15,4449,4246,-1,0.1681848
0.230445,0.233077,0.128057,0.223758,0.13374,25,4449,5110,-1,0.1898154
0.208413,0.194824,0.194127,0.215959,0.205594,25,4449,4858,-1,0.2037834
0.271378,0.297629,0.382706,0.379686,0.38654,29,4449,5338,-1,0.3435878
0.588585,0.600812,0.478079,0.571648,0.476481,46,4449,6151,-1,0.543121
0.259057,0.259734,0.148445,0.26016,0.148243,45,4449,6070,-1,0.2151278
0.427933,0.336628,0.227546,0.314901,0.219459,45,4449,5888,-1,0.3052934
0.346295,0.324873,0.332872,0.391933,0.290314,50,4449,6320,-1,0.3372574
0.467314,0.550335,0.560382,0.340747,0.445541,89,4246,573,-1,0.4728638
0.293859,0.289563,0.381291,0.266965,0.261382,80,4246,900,-1,0.298612
0.472422,0.253295,0.263771,0.25699,0.36745,78,4246,605,-1,0.3227856
0,0,0,0,0,-999,4246,1082,-1,0
0,0,0,0,0,-999,4246,790,-1,0
0,0,0,0,0,-999,4246,598,-1,0
0.290544,0.286929,0.177853,0.179139,0.177871,73,4246,1021,-1,0.2224672
0,0,0,0,0,-999,4246,1702,-1,0
0.195046,0.255765,0.159657,0.149817,0.24992,45,4246,2430,-1,0.202041
0.249861,0.139095,0.137223,0.239546,0.236811,34,4246,2862,-1,0.2005072
0,0,0,0,0,-999,4246,2614,-1,0
0.169133,0.152878,0.157467,0.151368,0.148201,46,4246,2413,-1,0.1558094
0.251142,0.139283,0.140756,0.140957,0.246618,35,4246,2845,-1,0.1837512
0.44953,0.223163,0.118208,0.11596,0.225934,13,4246,4016,-1,0.226559
0.116284,0.116882,0.137123,0.118763,0.114539,13,4246,4449,-1,0.1207182
0,0,0,0,0,-999,4246,5110,-1,0
0.125031,0.225524,0.135634,0.133698,0.131547,22,4246,4858,-1,0.1502868
0.146494,0.172676,0.1592,0.159386,0.152173,34,4246,5338,-1,0.1579858
0.343924,0.232917,0.238806,0.244921,0.457028,46,4246,6151,-1,0.3035192
0,0,0,0,0,-999,4246,6070,-1,0
0.245215,0.178156,0.16887,0.2483,0.144795,42,4246,5888,-1,0.1970672
0.155179,0.156883,0.266174,0.153781,0.155252,51,4246,6320,-1,0.1774538
0.461651,0.36178,0.568122,0.476677,0.569994,107,5110,573,-1,0.4876448
0.286304,0.390103,0.280809,0.486098,0.390603,98,5110,900,-1,0.3667834
0.277976,0.276267,0.304759,0.376439,0.274826,96,5110,605,-1,0.3020534
0,0,0,0,0,-999,5110,1082,-1,0
0,0,0,0,0,-999,5110,790,-1,0
0,0,0,0,0,-999,5110,598,-1,0
0.200827,0.296938,0.30808,0.198537,0.315894,91,5110,1021,-1,0.2640552
0,0,0,0,0,-999,5110,1702,-1,0
0.180706,0.284304,0.181291,0.175238,0.396738,63,5110,2430,-1,0.2436554
0.170661,0.175041,0.273547,0.260458,0.163312,52,5110,2862,-1,0.2086038
0,0,0,0,0,-999,5110,2614,-1,0
0.267549,0.169253,0.171572,0.168401,0.174493,64,5110,2413,-1,0.1902536
0.15931,0.259238,0.155766,0.160164,0.156919,53,5110,2845,-1,0.1782794
0.134709,0.237104,0.143836,0.153248,0.162049,31,5110,4016,-1,0.1661892
0.250206,0.238523,0.124132,0.238924,0.126161,22,5110,4449,-1,0.1955892
0,0,0,0,0,-999,5110,4246,-1,0
0.124319,0.119524,0.116198,0.141984,0.138707,14,5110,4858,-1,0.1281464
0.135154,0.117521,0.118354,0.122409,0.219364,16,5110,5338,-1,0.1425604
0.215436,0.20972,0.319563,0.317341,0.335782,28,5110,6151,-1,0.2795684
0,0,0,0,0,-999,5110,6070,-1,0
0.124053,0.126553,0.129475,0.133452,0.125117,24,5110,5888,-1,0.12773
0.241131,0.134582,0.137494,0.138547,0.334213,33,5110,6320,-1,0.1971934
0.583112,0.673012,0.73482,0.608787,0.686723,109,4858,573,-1,0.6572908
0.709707,0.479014,0.598017,0.599488,0.381415,100,4858,900,-1,0.5535282
0.376579,0.428863,0.448905,0.377689,0.498716,98,4858,605,-1,0.4261504
0,0,0,0,0,-999,4858,1082,-1,0
0.207295,0.306623,0.29879,0.197712,0.203348,97,4858,790,-1,0.2427536
0.407465,0.316384,0.201705,0.201315,0.311945,101,4858,598,-1,0.2877628
0.26596,0.269834,0.275103,0.260911,0.268179,93,4858,1021,-1,0.2679974
0.185682,0.284551,0.290836,0.305048,0.18152,78,4858,1702,-1,0.2495274
0.277056,0.383901,0.2666,0.261666,0.364411,65,4858,2430,-1,0.3107268
0.461591,0.343514,0.34797,0.475154,0.252957,54,4858,2862,-1,0.3762372
0.270173,0.188261,0.185677,0.177513,0.1608,59,4858,2614,-1,0.1964848
0.247165,0.239844,0.345518,0.241874,0.352312,66,4858,2413,-1,0.2853426
0.324366,0.233634,0.330589,0.244965,0.442137,55,4858,2845,-1,0.3151382
0.324906,0.216717,0.212726,0.516418,0.218291,33,4858,4016,-1,0.2978116
0.197695,0.195551,0.322727,0.314821,0.201722,24,4858,4449,-1,0.2465032
0.137509,0.270363,0.144082,0.229139,0.132567,25,4858,4246,-1,0.182732
0.11953,0.23299,0.117591,0.233287,0.12921,17,4858,5110,-1,0.1665216
0.113857,0.110464,0.114722,0.226624,0.115197,11,4858,5338,-1,0.1361728
0.247526,0.449068,0.329177,0.231698,0.224948,28,4858,6151,-1,0.2964834
0.257501,0.146833,0.146836,0.147218,0.253185,37,4858,6070,-1,0.1903146
0.319345,0.335626,0.328324,0.333443,0.219769,37,4858,5888,-1,0.3073014
0.295758,0.492969,0.507506,0.500865,0.5086,41,4858,6320,-1,0.4611396
0.587932,0.68757,0.59034,0.515482,0.716127,122,5338,573,-1,0.6194902
0.518498,0.615792,0.510074,0.725701,0.405588,113,5338,900,-1,0.5551306
0.505658,0.44311,0.646779,0.39668,0.604395,111,5338,605,-1,0.5193244
0,0,0,0,0,-999,5338,1082,-1,0
0.210618,0.306714,0.21151,0.214775,0.214821,107,5338,790,-1,0.2316876
0.33266,0.222879,0.318067,0.419605,0.209975,111,5338,598,-1,0.3006372
0.391596,0.281323,0.490128,0.282396,0.382734,106,5338,1021,-1,0.3656354
0.19285,0.30899,0.190361,0.19465,0.212703,88,5338,1702,-1,0.2199108
0.328848,0.310154,0.286953,0.285969,0.378614,78,5338,2430,-1,0.3181076
0.372341,0.265531,0.269824,0.374954,0.263672,67,5338,2862,-1,0.3092644
0.167514,0.191488,0.192878,0.17516,0.172387,69,5338,2614,-1,0.1798854
0.258625,0.355259,0.356169,0.357066,0.258154,79,5338,2413,-1,0.3170546
0.358206,0.452102,0.241817,0.451228,0.245457,68,5338,2845,-1,0.349762
0.343346,0.246178,0.338557,0.238987,0.347184,46,5338,4016,-1,0.3028504
0.438752,0.218639,0.336024,0.237058,0.226229,37,5338,4449,-1,0.2913404
0.160647,0.143464,0.159467,0.24221,0.241715,35,5338,4246,-1,0.1895006
0.12176,0.131215,0.119672,0.228278,0.237845,17,5338,5110,-1,0.167754
0.11285,0.326071,0.21642,0.21677,0.238716,11,5338,4858,-1,0.2221654
0.260973,0.141051,0.231312,0.131176,0.131035,18,5338,6151,-1,0.1791094
0.13148,0.128718,0.135183,0.128497,0.131608,27,5338,6070,-1,0.1310972
0.204931,0.403166,0.201473,0.202243,0.21015,25,5338,5888,-1,0.2443926
0.385564,0.502872,0.481414,0.385667,0.281373,29,5338,6320,-1,0.407378
0.778382,0.663885,0.56899,0.724381,0.810111,134,6151,573,-1,0.7091498
0.803799,0.922791,0.742532,0.746692,0.897743,125,6151,900,-1,0.8227114
0.818017,0.713497,0.699204,0.81607,0.70768,123,6151,605,-1,0.7508936
0,0,0,0,0,-999,6151,1082,-1,0
0.446984,0.549061,0.444515,0.436403,0.494769,123,6151,790,-1,0.4743464
0.498874,0.564534,0.576534,0.473583,0.564711,127,6151,598,-1,0.5356472
0.471817,0.479113,0.372547,0.483488,0.401488,118,6151,1021,-1,0.4416906
0.490759,0.283777,0.384419,0.389309,0.28617,104,6151,1702,-1,0.3668868
0.370722,0.472541,0.593799,0.598963,0.474703,90,6151,2430,-1,0.5021456
0.452376,0.549054,0.445905,0.573149,0.555295,79,6151,2862,-1,0.5151558
0.262251,0.270975,0.263495,0.264206,0.39273,85,6151,2614,-1,0.2907314
0.46552,0.467138,0.554577,0.557819,0.334548,91,6151,2413,-1,0.4759204
0.447091,0.433382,0.433607,0.538597,0.348921,80,6151,2845,-1,0.4403196
0.346761,0.626103,0.520971,0.31464,0.32803,58,6151,4016,-1,0.427301
0.310433,0.406836,0.402777,0.413816,0.3021,49,6151,4449,-1,0.3671924
0.228814,0.22819,0.331803,0.221036,0.341391,51,6151,4246,-1,0.2702468
0.212722,0.20665,0.211459,0.214625,0.213939,33,6151,5110,-1,0.211879
0.316926,0.218894,0.324989,0.215321,0.41441,28,6151,4858,-1,0.298108
0.22342,0.121265,0.126431,0.126834,0.246332,18,6151,5338,-1,0.1688564
0.214634,0.218081,0.216956,0.220076,0.235895,35,6151,6070,-1,0.2211284
0.444223,0.286371,0.290481,0.28985,0.409433,41,6151,5888,-1,0.3440716
0.366443,0.699191,0.472793,0.583925,0.574207,47,6151,6320,-1,0.5393118
0.509396,0.497878,0.502592,0.486393,0.388636,127,6070,573,-1,0.476979
0.414103,0.311471,0.419011,0.303055,0.416065,118,6070,900,-1,0.372741
0.317644,0.401087,0.506889,0.552741,0.409235,116,6070,605,-1,0.4375192
0,0,0,0,0,-999,6070,1082,-1,0
0,0,0,0,0,-999,6070,790,-1,0
0,0,0,0,0,-999,6070,598,-1,0
0.226276,0.22085,0.445635,0.225036,0.325734,111,6070,1021,-1,0.2887062
0,0,0,0,0,-999,6070,1702,-1,0
0.188812,0.208628,0.297594,0.406578,0.19521,83,6070,2430,-1,0.2593644
0.178667,0.179295,0.396506,0.183661,0.187426,72,6070,2862,-1,0.225111
0,0,0,0,0,-999,6070,2614,-1,0
0.191182,0.188045,0.290409,0.217719,0.228064,84,6070,2413,-1,0.2230838
0.206491,0.187149,0.181766,0.182997,0.176573,73,6070,2845,-1,0.1869952
0.153635,0.265359,0.163591,0.266928,0.258328,51,6070,4016,-1,0.2215682
0.150489,0.287579,0.158823,0.167908,0.160533,42,6070,4449,-1,0.1850664
0,0,0,0,0,-999,6070,4246,-1,0
0,0,0,0,0,-999,6070,5110,-1,0
0.151412,0.135901,0.145145,0.138945,0.243628,34,6070,4858,-1,0.1630062
0.13046,0.24092,0.128072,0.229739,0.126225,24,6070,5338,-1,0.1710832
0.326172,0.327751,0.220576,0.330659,0.228364,34,6070,6151,-1,0.2867044
0.225009,0.220555,0.125479,0.22138,0.249327,12,6070,5888,-1,0.20835
0.149348,0.232846,0.130991,0.219625,0.117054,13,6070,6320,-1,0.1699728
0.66281,0.451504,0.662934,0.549152,0.645408,128,5888,573,-1,0.5943616
0.394498,0.378763,0.356318,0.466116,0.468863,119,5888,900,-1,0.4129116
0.465869,0.58403,0.462606,0.684907,0.384216,117,5888,605,-1,0.5163256
0,0,0,0,0,-999,5888,1082,-1,0
0.234945,0.236794,0.219505,0.223857,0.216071,116,5888,790,-1,0.2262344
0.334113,0.223288,0.228496,0.227239,0.222427,120,5888,598,-1,0.2471126
0.444507,0.535265,0.457195,0.451065,0.448037,112,5888,1021,-1,0.4672138
0.198783,0.297848,0.19876,0.212347,0.203491,97,5888,1702,-1,0.2222458
0.253561,0.353783,0.262128,0.408828,0.264025,84,5888,2430,-1,0.308465
0.348511,0.464401,0.246676,0.469918,0.347899,73,5888,2862,-1,0.375481
0.184287,0.297729,0.185389,0.181257,0.183398,78,5888,2614,-1,0.206412
0.296535,0.400715,0.301747,0.426971,0.297824,85,5888,2413,-1,0.3447584
0.276882,0.373687,0.371404,0.283597,0.384136,74,5888,2845,-1,0.3379412
0.229214,0.440683,0.254622,0.264962,0.250376,52,5888,4016,-1,0.2879714
0.217414,0.315698,0.426224,0.322338,0.219553,43,5888,4449,-1,0.3002454
0.254584,0.152303,0.256756,0.159306,0.257834,44,5888,4246,-1,0.2161566
0.139612,0.128726,0.236984,0.229936,0.128021,26,5888,5110,-1,0.1726558
0.433858,0.217377,0.525775,0.435621,0.219305,35,5888,4858,-1,0.3663872
0.603659,0.406314,0.29329,0.497799,0.399992,40,5888,5338,-1,0.4402108
0.514768,0.496542,0.49478,0.507564,0.740172,57,5888,6151,-1,0.5507652
0.115919,0.24866,0.231489,0.227273,0.219104,14,5888,6070,-1,0.208489
0.217916,0.113588,0.112328,0.113124,0.113274,10,5888,6320,-1,0.134046
0.603379,0.771828,0.676796,0.494379,0.488719,139,6320,573,-1,0.6070202
0.483181,0.485723,0.486691,0.371533,0.485266,130,6320,900,-1,0.4624788
0.362296,0.371105,0.685105,0.465028,0.574799,128,6320,605,-1,0.4916666
0,0,0,0,0,-999,6320,1082,-1,0
0.552631,0.337516,0.344939,0.224173,0.234144,125,6320,790,-1,0.3386806
0.34239,0.229871,0.232306,0.376485,0.239037,129,6320,598,-1,0.2840178
0.381268,0.463542,0.374295,0.468844,0.344204,123,6320,1021,-1,0.4064306
0.215401,0.215611,0.214996,0.210099,0.212224,106,6320,1702,-1,0.2136662
0.375447,0.285424,0.398716,0.280391,0.471495,95,6320,2430,-1,0.3622946
0.257241,0.369568,0.259281,0.47825,0.254627,84,6320,2862,-1,0.3237934
0.289376,0.189211,0.189878,0.194301,0.200972,87,6320,2614,-1,0.2127476
0.317202,0.40937,0.33127,0.314029,0.421748,96,6320,2413,-1,0.3587238
0.616482,0.296479,0.388799,0.291967,0.393328,85,6320,2845,-1,0.397411
0.358375,0.290039,0.268505,0.241528,0.23667,63,6320,4016,-1,0.2790234
0.327971,0.443124,0.22858,0.435747,0.228553,54,6320,4449,-1,0.332795
0.162991,0.163838,0.365112,0.174517,0.168138,53,6320,4246,-1,0.2069192
0.139556,0.242004,0.138759,0.138293,0.245425,35,6320,5110,-1,0.1808074
0.452357,0.230664,0.55039,0.236499,0.232724,46,6320,4858,-1,0.3405268
0.314794,0.645885,0.310758,0.303628,0.635221,51,6320,5338,-1,0.4420572
0.403703,0.410636,0.495621,0.624097,0.510348,68,6320,6151,-1,0.488881
0.137386,0.246275,0.13004,0.118639,0.117169,15,6320,6070,-1,0.1499018
0.22194,0.320673,0.109578,0.110466,0.113631,10,6320,5888,-1,0.1752576
0,0,0,0,0,0,0,0,-1,0
0,0,0,0,0,0,0,0,-1,0
0,0,0,0,0,0,0,0,-1,0
0,0,0,0,0,0,0,0,-1,0
0,0,0,0,0,0,0,0,-1,0
0,0,0,0,0,0,0,0,-1,0
0,0,0,0,0,0,0,0,-1,0
0,0,0,0,0,0,0,0,-1,0
0,0,0,0,0,0,0,0,-1,0
0,0,0,0,0,0,0,0,-1,0
0,0,0,0,0,0,0,0,-1,0
0,0,0,0,0,0,0,0,-1,0
0,0,0,0,0,0,0,0,-1,0
0,0,0,0,0,0,0,0,-1,0
0,0,0,0,0,0,0,0,-1,0
0,0,0,0,0,0,0,0,-1,0
0,0,0,0,0,0,0,0,-1,0
0,0,0,0,0,0,0,0,-1,0
0,0,0,0,0,0,0,0,-1,0
0,0,0,0,0,0,0,0,-1,0
0,0,0,0,0,0,0,0,-1,0
0,0,0,0,0,0,0,0,-1,0
0,0,0,0,0,0,0,0,-1,0
